Price,Close,High,Low,Open,Volume
Ticker,RELIANCE.NS,RELIANCE.NS,RELIANCE.NS,RELIANCE.NS,RELIANCE.NS
Date,,,,,
2020-01-01,672.2161254882812,680.0087898882745,670.3904712564104,675.9566091562889,14004468
2020-01-02,683.6602783203125,686.1762083080744,673.2849207275859,673.2849207275859,17710316
2020-01-03,684.4840698242188,686.4878962665452,678.1831277621862,682.6360622006584,20984698
2020-01-06,668.6093139648438,680.3650438391912,667.0507691289934,676.8472602327319,24519177
2020-01-07,678.8955688476562,683.3039746836643,673.9527657511211,676.4018734988883,16683622
2020-01-08,673.7969970703125,683.2817317108661,672.3943304886236,674.6207976476823,16047902
2020-01-09,689.3153686523438,690.2059315601734,681.8566962238242,685.1296040852894,14982742
2020-01-10,689.1595458984375,693.7460641432477,685.5971750800793,691.052021954991,12478359
2020-01-13,687.4006958007812,694.0800969009713,685.0406443123888,688.0018555733295,18282382
2020-01-14,681.0330200195312,690.2060574437152,677.6710552541097,685.7531231921615,15816535
2020-01-15,678.5616455078125,685.708622508407,676.068009361063,683.9052024938248,15817859
2020-01-16,684.8179321289062,687.2448055274269,680.4095262908653,680.8548672498658,12847975
2020-01-17,704.01025390625,705.7691458267952,691.6310696018056,691.764654072348,29463471
2020-01-20,682.3466796875,716.4784927540825,679.6971651864098,716.4784927540825,32545850
2020-01-21,683.036865234375,688.3581283514012,677.73783646965,680.6768135829059,18922720
2020-01-22,682.7919921875,688.7589438110633,681.790078890447,687.5343897202368,10322817
2020-01-23,679.8975219726562,686.6214514994721,677.1589513580537,684.1945779592724,11247739
2020-01-24,677.5374755859375,684.1278207028573,676.201571520967,679.9642896946181,14628445
2020-01-27,670.8580322265625,678.8288097703885,670.1678160991427,674.5762817936037,13387750
2020-01-28,655.36181640625,672.3943409712025,651.7326826089246,671.7708873528463,24532236
2020-01-29,658.96875,665.4477454950623,651.9330633649719,656.385997983268,24746565
2020-01-30,642.8936157226562,658.9019342560167,641.2237800875757,658.5902371528151,22402689
2020-01-31,628.599609375,647.1238564671794,626.6180767993984,647.0125063572486,34750310
2020-02-03,616.9551391601562,623.3896651574961,606.9583015760081,610.0085691432375,30712290
2020-02-04,635.1676635742188,637.8839401729988,622.4322559797637,623.4118752792756,25383901
2020-02-05,645.0086669921875,646.9234370233874,636.9043647870463,638.9526598272524,18472100
2020-02-06,649.1498413085938,653.2465498928482,641.2681806313898,647.5022998052495,15538577
2020-02-07,638.3961181640625,646.7231209827357,636.0137726868787,646.121961162775,12209212
2020-02-10,639.264404296875,643.6728102657878,628.065247040691,635.8801458287573,15142476
2020-02-11,646.9013061523438,652.8904923206876,643.472518918896,644.518960407984,13999816
2020-02-12,654.7161254882812,656.742245701073,647.9031394730254,648.4152429768247,13533565
2020-02-13,656.4305419921875,658.0336151395259,651.2873910883294,658.0336151395259,13565659
2020-02-14,662.419677734375,668.5869752575289,647.0569900773629,657.8108654922579,21227841
2020-02-17,658.25634765625,670.6800622415652,656.4974554349953,663.0432739611045,13149130
2020-02-18,653.4246826171875,657.2096942768698,648.9717487058438,657.2096942768698,11127161
2020-02-19,669.6334228515625,670.8134485862718,656.8534867255756,658.7459628812005,14084409
2020-02-20,661.6849365234375,671.5036613641485,660.7275515499585,666.605445844099,16892268
2020-02-24,643.4278564453125,657.6995152268572,641.0232768478887,654.4711351131652,21370214
2020-02-25,630.71484375,646.3001152119884,627.864922735704,646.3001152119884,27745062
2020-02-26,619.849609375,628.911356956024,617.779020325235,627.8649155292255,29362748
2020-02-27,617.2890625,620.6510267614351,609.6076896449267,618.0682753445939,25054993
2020-02-28,591.6401977539062,604.2643163833105,590.0148903377343,603.3291656588368,39315769
2020-03-02,586.0740356445312,609.6077893226085,579.3723403742132,603.4181975497225,29500495
2020-03-03,597.96337890625,602.8838887991839,588.6789907987993,592.1077777316948,27398798
2020-03-04,596.5606689453125,602.8393168736188,582.4003001293128,602.0378101189941,22105261
2020-03-05,583.8475952148438,604.6873667976507,581.5543059975552,602.1269086434213,30510390
2020-03-06,565.9689331054688,573.6057788366949,552.654658716733,565.5236515774449,33734039
2020-03-09,496.1246032714844,552.610174773984,487.59722352706973,552.187127563448,88187018
2020-03-11,513.669189453125,524.7569973633897,493.3860202311153,493.3860202311153,59578576
2020-03-12,473.3477478027344,490.26892105164063,466.98004375854214,483.14423842846696,55970485
2020-03-13,492.1837158203125,507.6354013912499,419.64530200918597,444.40363928088584,73297403
2020-03-16,452.2853698730469,480.78419157795764,447.5207086747309,472.2568121164352,38482258
2020-03-17,448.85662841796875,472.0119237181846,446.7192174587202,466.3344054216944,45445979
2020-03-18,431.2674560546875,461.280292373532,427.9277554968568,456.5601596607462,44730415
2020-03-19,408.64654541015625,430.5995508438921,397.29153849959346,409.715250893795,61404010
2020-03-20,453.2872314453125,460.83496091441367,414.12359413052815,418.3538872632153,63360475
2020-03-23,393.662353515625,423.02950129195114,389.9218699453738,407.9785404343475,40670949
2020-03-24,420.0906066894531,431.9354232678665,398.8946097412174,414.1236553813101,45734887
2020-03-25,481.9196472167969,512.7785178891949,428.9296612692312,429.17456609975056,73130298
2020-03-26,474.7726745605469,497.3491012446338,464.1524132137663,487.95339378494543,45744488
2020-03-27,474.5055236816406,493.0742985498193,465.86682419167437,487.59718710077345,41657940
2020-03-30,458.8534240722656,478.6022243792753,454.2001132600208,463.37318015277566,30229866
2020-03-31,495.94647216796875,503.0934193486525,466.668378147016,478.2237612689132,44292810
2020-04-01,481.1181945800781,500.7779105092495,465.4215737109047,499.7314691179713,41597459
2020-04-03,479.7822570800781,505.1640473665368,470.36428521360847,505.1640473665368,41367807
2020-04-07,537.0694580078125,540.58724198078,489.8237144682163,490.7588355221403,54373624
2020-04-08,530.8575439453125,547.2666748233642,516.5413553079427,525.4472243442474,49880330
2020-04-09,543.2366943359375,548.9587106749909,531.2360300150857,540.5871800325931,33032857
2020-04-13,529.5216674804688,541.0325221376103,525.4471928092958,536.1120125498173,23673784
2020-04-15,512.0216064453125,550.3837133914021,508.97133852649563,533.0394909756521,35321842
2020-04-16,520.1259765625,528.7646769192855,509.8619687316648,512.0216140957893,37455706
2020-04-17,545.0401611328125,547.7119694676354,531.0801974114287,541.4778491032873,33269335
2020-04-20,553.85693359375,559.7347681895708,535.2436321732976,545.9306852340615,36030932
2020-04-21,550.9848022460938,557.5083250081677,518.3224819342147,538.8059664932713,61371628
2020-04-22,607.2032470703125,616.6880417343276,578.8825664491623,587.7884356237253,142683366
2020-04-23,610.4539184570312,617.1110859522549,602.6167250854138,608.8731391707544,65464502
2020-04-24,630.98193359375,665.6926093550011,599.9003914322975,601.2140016546114,134986308
2020-04-27,636.659423828125,656.8089776563307,633.6536843523593,638.5519000387314,58482901
2020-04-28,635.947021484375,648.1035053145215,619.9164097345322,645.6766910891598,78453401
2020-04-29,635.4125366210938,647.3019093275574,632.3177410324345,643.405607041887,37494672
2020-04-30,652.8013305664062,665.6926172797448,640.3553848329962,647.4355395070829,71345899
2020-05-04,639.0863037109375,652.3560500195231,631.1822890196224,641.2237145072914,53456868
2020-05-05,650.4190063476562,658.5901902105282,644.4298209519568,647.3242698899517,44903763
2020-05-06,650.463623046875,661.2397341507669,643.6728711176166,651.9108178555344,40489094
2020-05-07,671.0361328125,674.0196380436263,643.4501981639638,647.9031324834183,50026966
2020-05-08,695.4605102539062,703.5202838378564,684.4617003890888,687.9795431758226,84262770
2020-05-11,702.1400756835938,719.1503087464584,700.1362489931954,703.5649768322162,67085063
2020-05-12,658.7014770507812,698.3772514173569,652.3560664564766,696.79641276918,100683202
2020-05-13,672.677001953125,686.4096865474885,653.5950534044931,686.4096865474885,66430125
2020-05-14,645.481201171875,672.789261174422,642.8290714721867,660.3376694799763,49266771
2020-05-15,656.0224609375,659.3039301915819,636.1089238922658,649.0999085460102,62152260
2020-05-18,647.6390380859375,666.1815376925038,641.9077470485184,660.7873884161261,62796089
2020-05-19,633.3218383789062,657.0562928652207,630.7821287465479,654.943554079763,42315854
2020-05-20,644.4699096679688,650.3810366625504,626.1746060014038,633.8163858969135,55320985
2020-05-21,647.86376953125,656.9439458804737,640.5591310175457,645.054274887475,39167981
2020-05-22,643.50341796875,655.393088211482,641.2333740246893,652.6061253460508,37828973
2020-05-26,640.132080078125,651.6621368125705,636.6483020759156,650.9653812121286,33216635
2020-05-27,649.796630859375,653.5950188666403,634.7153801347918,643.2561648384756,35667956
2020-05-28,661.7987060546875,665.1700639694456,651.3474905739236,654.0445650157022,40126278
2020-05-29,658.2701416015625,661.6864443325129,652.9883526895542,659.888374618816,40022527
2020-06-01,683.42041015625,691.5116927649323,663.4619289082036,665.282470467664,39943702
2020-06-02,690.3204956054688,692.2534575560194,683.6227235911691,685.9602437650542,22153960
2020-06-03,692.9951782226562,701.2437669142711,689.264146584744,694.5010503906053,25381289
2020-06-04,710.14404296875,714.5043536279225,692.7028597821947,694.0513671813276,34202350
2020-06-05,710.9981689453125,727.3155677405333,707.4020299835134,716.976712812966,33076685
2020-06-08,705.5140991210938,727.4954324920736,703.4913080333477,727.4954324920736,31414953
2020-06-09,690.9722900390625,711.5825840206448,689.1068040465735,701.3785617206731,25857161
2020-06-10,706.7053833007812,710.0317972109347,692.2759415871488,693.6469213591369,22132647
2020-06-11,691.219482421875,704.8172743086072,688.2077385143969,703.9407414982666,20385805
2020-06-12,714.1897583007812,716.0777164159133,672.9242267053721,674.2727936948124,38548899
2020-06-15,725.7647705078125,731.3387563203479,701.7381741898191,703.4912994111404,53107403
2020-06-16,727.1807861328125,741.0483050918923,712.6164520349436,738.5535392456209,51187003
2020-06-17,726.1243896484375,735.1596222116743,720.1683177338406,722.9328087814987,41782053
2020-06-18,744.3521728515625,748.4427585087822,721.74156125064,722.3709004133316,40471557
2020-06-19,790.8770141601562,804.0927203501327,747.0942467519249,750.6903261392612,105804173
2020-06-22,784.9208984375,811.015227066077,779.9087764994645,797.1701824968853,60198705
2020-06-23,773.5706787109375,792.83240486235,771.4129953643138,786.6515522559022,37962078
2020-06-24,776.69482421875,796.8556158794696,769.4351890087056,780.3134354719743,51586221
2020-06-25,772.2221069335938,786.2020448440715,770.0419514480267,776.3126926255497,39679374
2020-06-26,782.8981323242188,787.5506408989148,771.8175772674693,777.1218971867132,30921913
2020-06-29,774.5820922851562,782.0440358258111,771.1657900960829,776.7847199037966,25621946
2020-06-30,766.0188598632812,782.6059245493964,762.1754677566296,780.807914512527,30276420
2020-07-01,781.0775146484375,786.201997392839,767.7943331649622,773.1660690211988,28464103
2020-07-02,794.524169921875,797.7964291606368,783.1051378323464,786.6933471641555,28789533
2020-07-03,806.9586181640625,809.2605230295892,797.9768734526536,803.302718327586,29434266
2020-07-06,835.7996826171875,838.59798707909,808.8543846026165,814.6767489280919,47016185
2020-07-07,823.0039672851562,841.463976689244,815.2634586435034,839.5006450288294,35189589
2020-07-08,811.5173950195312,828.1945237391301,807.9066216942804,823.2748823910197,26204095
2020-07-09,823.3650512695312,828.2170013060332,806.2139692943585,816.4820787561033,36418942
2020-07-10,847.6473999023438,850.6037089763864,823.3650271392274,825.2832912510764,43759967
2020-07-13,873.3515014648438,879.0835514065949,857.5544142629645,859.066414273634,69608392
2020-07-14,865.2272338867188,876.3754426124376,851.8223070969156,872.9001111198423,67331128
2020-07-15,832.2791137695312,893.1203699369507,811.5173183412455,874.6829238098223,139669773
2020-07-16,832.0083618164062,843.5627758296462,818.0392246836387,833.6331798351821,60961724
2020-07-17,862.835205078125,866.5813597597964,829.5710849624811,832.7305263268679,49726765
2020-07-20,866.5361328125,871.9974193757844,857.3964422325445,865.5883422314392,36592938
2020-07-21,889.8480224609375,892.3078725048149,874.028433084142,875.1567920683302,42173371
2020-07-22,904.4942626953125,907.202312550526,884.9510213382299,895.0159986639695,59771457
2020-07-23,928.7765502929688,938.6609588483409,898.7846915588252,904.4716140026857,58333751
2020-07-24,968.6528930664062,976.2580205169854,928.7766226694645,928.866877074322,120597372
2020-07-27,973.1887817382812,992.4160717579479,960.4157553838029,983.389199696608,80304827
2020-07-28,982.8927612304688,990.2496888244225,970.6838835389933,973.1888610354255,55114422
2020-07-29,946.3112182617188,985.1945058663708,934.4859826797366,982.9829747863479,72663399
2020-07-30,951.8176879882812,965.7416374844678,935.1856290159112,947.3719425825504,72857444
2020-07-31,932.9739990234375,960.9122109353187,926.5197950725442,954.3677525902174,74958061
2020-08-03,906.7509765625,928.4154946857375,904.0879942280135,925.8428264432459,46715383
2020-08-04,970.6612548828125,978.063309181602,902.801648867005,911.9865259436237,92041055
2020-08-05,959.7613525390625,991.152334357933,956.082888808404,978.9660801786949,74549993
2020-08-06,963.2141723632812,978.379359794549,951.3438079467057,973.549973124917,49322975
2020-08-07,968.7882080078125,973.9109808198931,956.9404677314833,961.2733354792168,32984416
2020-08-10,956.782470703125,977.1606844285126,951.4791890501768,974.497761802115,26958997
2020-08-11,963.0787353515625,974.9039718853056,947.9812395926484,963.5300670431569,46828306
2020-08-12,960.2803955078125,968.1338417220617,950.8924453804724,957.3015226996713,30264617
2020-08-13,957.775390625,965.3805171577782,952.3366680076899,960.4608766898883,24830322
2020-08-14,954.0519409179688,973.5499968825059,942.9714216597392,958.0011681580643,33224635
2020-08-17,943.919189453125,950.0800072856482,934.3281075225127,950.0800072856482,30979066
2020-08-18,956.19580078125,963.3044692046789,939.8571273001791,941.0531772225081,30547672
2020-08-19,962.0631713867188,972.1958989128857,957.4594807962734,966.3284079855683,34087543
2020-08-20,946.49169921875,958.610320912572,942.4070314591485,956.8500618475134,22537845
2020-08-21,939.6314086914062,957.7529046597705,937.4423813079499,955.9475181738237,25280895
2020-08-24,945.9051513671875,949.8543785402047,934.5086821849079,943.9418195814,32717218
2020-08-25,939.7442016601562,952.9234928104662,937.8936880228628,950.5313333957848,19388008
2020-08-26,964.658447265625,969.4652701628314,923.9020783795879,941.0531605726751,59870421
2020-08-27,952.6075439453125,970.3905257659359,949.2901575537568,969.4878026998181,28085062
2020-08-28,955.1124877929688,962.6724872841761,950.64417889511,956.8501236807623,27166900
2020-08-31,939.1123046875,981.2227244337602,929.9274278526689,981.2227244337602,62076132
2020-09-01,942.0686645507812,957.9333821236513,930.8527051045198,947.8232778251647,38616258
2020-09-02,960.5512084960938,964.9743904615849,941.0531538410881,944.2125354209737,26949439
2020-09-03,953.2844848632812,965.3127925841867,949.1772534689192,960.4608430815497,18586429
2020-09-04,937.55517578125,946.4466666938623,935.2758940537118,940.3986668867657,28475945
2020-09-07,939.9924926757812,950.4185474757394,922.6608419794579,940.6018292728933,21926473
2020-09-08,951.02783203125,957.3014676946553,939.0220273942846,944.2124909097532,27397082
2020-09-09,975.5132446289062,978.4244265500107,939.4508218895586,941.053135941398,55310877
2020-09-10,1044.410888671875,1058.3800235694275,981.83194598064,985.3299004503288,140304404
2020-09-11,1047.0062255859375,1055.175562246342,1032.269926063605,1043.5083899488072,59470807
2020-09-14,1039.2430419921875,1065.1727948098135,1029.967851123539,1049.3757689779331,44063445
2020-09-15,1046.6002197265625,1049.7144745661237,1032.7438987899045,1043.4859648870015,27178393
2020-09-16,1049.1727294921875,1069.392939817957,1042.8539659959436,1047.1190836022542,33952295
2020-09-17,1037.5279541015625,1053.302416097168,1034.4135806713612,1047.1189158166728,25828669
2020-09-18,1040.6649169921875,1046.8708623526327,1027.5081886685462,1044.5238896915514,33074915
2020-09-21,1018.1653442382812,1054.340524274349,1014.3288160609994,1038.092106363457,33627381
2020-09-22,997.9901733398438,1027.7111483287306,993.6572461097632,1027.7111483287306,34792254
2020-09-23,1006.8590698242188,1027.5983602691515,995.3498434566727,1020.0383606869218,42988708
2020-09-24,984.4724731445312,1004.6926220511629,982.1480045429355,996.5233454684201,29826318
2020-09-25,993.7250366210938,998.7349916951074,978.1988318727759,987.9929866283342,28374935
2020-09-28,1000.2921142578125,1010.1088922605071,996.1397551110359,1005.1440644113056,19666849
2020-09-29,1013.2907104492188,1021.8436272783866,1000.2919888371054,1004.2412750821471,25842539
2020-09-30,1008.46142578125,1023.1977241154949,1004.2413164953268,1020.0383427428203,24465159
2020-10-01,1004.3541259765625,1021.7534063617467,999.276480594019,1021.7534063617467,20783227
2020-10-05,998.464111328125,1015.1412378353376,995.665807141331,1012.8168289308439,18922799
2020-10-06,997.629150390625,1008.2582772733267,993.7024274130506,1004.3541775876134,18412175
2020-10-07,1018.9100341796875,1042.154241671535,1001.9845893759028,1008.7547434205927,53170865
2020-10-08,1010.6729736328125,1023.6491928550894,1002.9324648078214,1019.5870284539118,21077808
2020-10-09,1008.0552368164062,1016.8790372265936,1000.6757456073183,1008.7548278164428,18545499
2020-10-12,1009.6800537109375,1018.1201535189876,1004.8055997006869,1008.7548267067875,14226473
2020-10-13,1029.38134765625,1031.6606295627953,1004.6250177214829,1006.7689180188713,23112012
2020-10-14,1032.450439453125,1039.8976215416956,1023.8748385588287,1028.5689032035948,26742011
2020-10-15,995.8914794921875,1033.5787209899615,990.7010157207518,1033.5787209899615,20036197
2020-10-16,982.0352172851562,1007.6263990747995,980.6134716986062,999.7279451318866,21583600
2020-10-19,982.2157592773438,1005.9113606750328,972.7149909324551,988.466891534098,31200385
2020-10-20,973.0533447265625,989.7982200988376,971.4059036601203,983.4793980773743,18482288
2020-10-21,958.9263916015625,989.3470196032074,946.8077683832299,978.5147603722606,34082321
2020-10-22,950.9600830078125,962.4919326942683,943.761160688031,960.1900874152456,30802210
2020-10-23,953.71337890625,963.6203515996452,946.198506037611,950.5313739814042,23422125
2020-10-26,915.822998046875,948.7034169019341,911.0387387404159,948.7034169019341,37324416
2020-10-27,918.2603149414062,929.7018515417203,904.9456412841947,918.4408237514781,36478896
2020-10-28,907.8568115234375,928.7314851710537,906.0288613850042,921.555066223106,29924017
2020-10-29,914.8300170898438,921.645358569465,898.6267852210569,901.3348351173212,30655304
2020-10-30,927.287109375,932.0713684328344,912.5281277212341,917.8088456567091,34021563
2020-11-02,847.3766479492188,914.8751840367496,839.1170566069392,914.8751840367496,99366895
2020-11-03,835.1676635742188,861.6164392035137,828.2621279628137,853.0408988395865,88691623
2020-11-04,863.5121459960938,870.6434375225641,829.1197275153525,829.1197275153525,80180117
2020-11-05,882.3783569335938,885.063843200435,871.9974294692396,882.3557933334056,37205373
2020-11-06,915.8455200195312,920.7425971059893,892.8269476303738,898.1754160907856,66674086
2020-11-09,925.572021484375,933.831612463532,918.9372485037195,930.7173580690493,35838510
2020-11-10,940.8499755859375,943.3098257434691,921.2842310899437,937.4423348777667,36934242
2020-11-11,901.425048828125,945.5665526357731,892.8043809348467,942.858502861752,56724780
2020-11-12,893.6619262695312,906.502703689629,886.8917719189561,894.1133176465529,40046527
2020-11-13,901.06396484375,919.2305871473199,894.4518154997988,894.564633496026,45388670
2020-11-14,903.7269897460938,909.5944812873773,900.5901715592453,909.4139724729714,5226220
2020-11-17,899.6422729492188,941.0531655438715,895.9186819311539,941.0531655438715,46542562
2020-11-18,896.91162109375,905.6226031588405,884.6801802584594,899.6422344929193,30402290
2020-11-19,890.5702514648438,907.4053832429535,888.3360969077845,896.9116378432019,27796343
2020-11-20,857.3287963867188,895.377116449163,855.297714134409,891.4052660410506,57471248
2020-11-23,880.4375610351562,889.148483349999,869.4021701299365,880.5729426320072,45327567
2020-11-24,886.4630126953125,890.9538853742781,871.997417187929,886.4404490954421,30936268
2020-11-25,879.128662109375,899.5068761620935,876.6011807335245,893.6619486348033,32637879
2020-11-26,881.295166015625,886.891834503416,871.1173701719107,881.4982981188252,25838637
2020-11-27,871.0045166015625,882.8748813272135,867.2132345680465,875.8339033969402,47336811
2020-12-01,882.333251953125,887.456025013745,871.1173516152288,875.7661696758335,19750687
2020-12-02,883.8001708984375,885.5378667077028,873.3515518250487,883.9581161119759,22188887
2020-12-03,886.4630126953125,894.1584537844419,884.0257260648682,890.0512219953362,27785372
2020-12-04,878.6547241210938,888.6971374121213,875.6081607043218,888.6971374121213,18464552
2020-12-07,883.8225708007812,886.8916976319051,875.8789308578557,875.8789308578557,18242188
2020-12-08,899.8679809570312,909.1205496272892,880.1216664908698,885.1541851802805,43403061
2020-12-09,914.8526000976562,917.9443506509773,902.3503953551077,907.1797819467947,29175254
2020-12-10,905.8482055664062,915.5521050393417,903.1401558672769,912.4378508699459,16065507
2020-12-11,905.306640625,919.8399265746882,891.0666814664153,908.556276462948,26944202
2020-12-14,898.76220703125,909.4590851843236,896.5280523361688,906.2770801525107,17312747
2020-12-15,891.1119384765625,898.0400384687348,885.1315694222841,898.0400384687348,18551265
2020-12-16,892.1048583984375,900.4096365369544,887.2077809533278,897.2727587493416,18561011
2020-12-17,896.1895141601562,904.9456238899453,892.3756687000254,895.6930552499342,20252358
2020-12-18,898.8748779296875,904.9003732935029,886.8916973794171,893.7070380485435,18466344
2020-12-21,875.4727783203125,912.6184341659626,837.3567682633857,907.2023343255363,44135540
2020-12-22,874.1187744140625,884.13862467934,852.3413781920493,879.6703154945026,28140001
2020-12-23,877.3458862304688,880.7760906412614,866.8746448149003,871.0947542977892,19501410
2020-12-24,900.0485229492188,902.1472362313513,878.2711268911072,878.7675857883312,20776988
2020-12-28,904.1782836914062,910.8130563627905,900.5675108718648,905.7128472166959,17221499
2020-12-29,898.197998046875,908.2404117114976,894.8128611333499,906.7509753463718,18611939
2020-12-30,900.65771484375,905.9384324891365,891.6534065904553,900.544896853225,22043630
2020-12-31,896.0540771484375,908.0598221912284,893.0300772883096,899.7551043755919,18781189
2021-01-01,897.0470581054688,901.3347986266252,894.5646443140231,897.2726941006515,10015175
2021-01-04,898.55908203125,902.1923588792536,888.2458453983129,900.4772865018267,24513534
2021-01-05,887.3883056640625,895.286819208082,882.8296824610696,888.6971735420237,24123091
2021-01-06,863.986083984375,887.3431107117481,859.8788522034279,887.297983512097,46401468
2021-01-07,862.5869140625,877.8649187321673,859.8788642012053,866.8069639014568,32325918
2021-01-08,872.7647705078125,874.8861072218933,863.015742571038,865.6786654184649,27540187
2021-01-11,856.313232421875,875.0665690475399,854.1693322211945,875.0665690475399,33307825
2021-01-12,883.3036499023438,884.6350813991116,857.5092762592445,858.9084582491231,41161546
2021-01-13,875.0665893554688,891.3826993524976,865.8817711258671,886.2373626282811,26619458
2021-01-14,884.9059448242188,887.7494361349055,875.1794806347706,877.8649670437152,21553242
2021-01-15,874.457275390625,890.8636390967538,866.6038890308039,884.9058936036437,20593268
2021-01-18,895.44482421875,901.3348792931557,868.0933816341949,879.7154868801754,35100458
2021-01-19,910.0908813476562,916.6804669801634,900.2741041573885,900.2741041573885,32006615
2021-01-20,927.3773193359375,928.8667555895526,903.320643603404,912.3475752102067,30924537
2021-01-21,947.552490234375,956.8501859101181,936.539722158253,939.6991037539394,39087742
2021-01-22,925.0755615234375,954.7514714069698,918.5536065523528,952.7880800202875,30532660
2021-01-25,876.0594482421875,918.4632537345398,871.9973439937894,918.4632537345398,54207104
2021-01-27,855.2976684570312,868.8380370064367,852.13828693381,868.8380370064367,42370131
2021-01-28,846.9703979492188,868.0707665841978,844.0140887864603,848.5952159319003,34067814
2021-01-29,831.3538818359375,863.4670185270817,825.9602859922227,854.9817319108826,43712383
2021-02-01,855.4330444335938,859.8110390936073,834.0844184137254,839.2297544881135,34180952
2021-02-02,869.1990966796875,875.6081736879117,837.2213427448476,863.9860695183817,41470034
2021-02-03,871.3881225585938,881.024271808645,857.5543678212887,870.3274543100903,30301696
2021-02-04,868.5220947265625,875.6081993096957,859.8111124753323,868.3866534338506,25626981
2021-02-05,868.2738037109375,877.7069402051127,866.5812949964159,871.1172947571725,20248046
2021-02-08,880.7760620117188,888.6971388465231,870.6659579070334,872.4712846072483,21183400
2021-02-09,882.8973999023438,897.9948961529354,881.1597638793062,885.5152551213864,19604141
2021-02-10,891.0892944335938,895.8058629486737,869.8761074541144,881.8142219915239,21234156
2021-02-11,927.8287353515625,931.6652040177879,890.1640575276463,893.6619528050209,42539278
2021-02-12,921.4647827148438,937.8937101488065,909.6395460369704,927.7384783498696,30497029
2021-02-15,917.4027099609375,930.3563061780627,913.9725053748315,924.375996830397,15791099
2021-02-16,929.5439453125,938.5256915998244,918.4859894698833,920.6298898317912,21421660
2021-02-17,940.2632446289062,945.9952940995148,925.5268269442237,929.7694401272191,23742994
2021-02-18,933.244873046875,951.6145681859424,929.3632772705301,941.0531321070791,18646877
2021-02-19,938.9317626953125,950.0574077634237,926.7454493980867,928.4154541842837,23403483
2021-02-22,906.3446655273438,943.2646823971752,900.4095436576987,938.7963735267837,23804335
2021-02-23,913.2728271484375,926.5649358038843,908.8270818640342,924.3533449611235,25644108
2021-02-24,930.2208862304688,932.1390906998175,914.4914901976813,916.2291858661802,10807663
2021-02-25,967.8403930664062,971.2931609562635,935.6369439506498,936.9909986645049,34855693
2021-02-26,941.4142456054688,963.123891576847,934.5989040579532,955.4962007136306,37481215
2021-03-01,948.590576171875,953.2394537638484,930.897848571293,952.4269850885058,17680764
2021-03-02,950.5313110351562,961.3635697154016,942.9036206682259,957.752856616694,17150760
2021-03-03,993.905517578125,1001.9394719927689,951.0729423807295,957.3240740262065,31924461
2021-03-04,982.0578002929688,988.421750465709,973.8659000002634,983.9308776144062,21435754
2021-03-05,983.3441162109375,998.3513582522689,971.7671384426377,973.098629670046,25511666
2021-03-08,988.9408569335938,1007.355680497462,978.5148017597687,978.7404377726681,19506841
2021-03-09,988.9180908203125,999.1861993021838,968.8558884914019,992.9576314805555,15154484
2021-03-10,984.8109741210938,999.7730887336929,979.5302558776189,996.1171885060364,11519358
2021-03-12,964.7938232421875,995.8462898296174,958.6103823666095,990.7009535816271,16864952
2021-03-15,951.8402099609375,969.8939539882846,939.0219967848262,965.899600131311,16698099
2021-03-16,948.0940551757812,959.558213666829,945.7922099765842,954.142054646313,13873801
2021-03-17,927.6707763671875,949.1773492874154,918.5310260738679,946.9431947370554,19210236
2021-03-18,906.796142578125,940.9629260845496,903.1402423037733,935.5918936777657,20647480
2021-03-19,939.6990356445312,945.9501672736187,894.925692603433,898.6267197251416,41787429
2021-03-22,930.8526611328125,936.0882516774249,917.6734303772165,934.7342566902689,18572478
2021-03-23,942.1815185546875,952.2013688377597,927.9641819762402,930.6496682735799,17421165
2021-03-24,924.0374755859375,938.6835805295864,920.9232211318065,938.6835805295864,16822814
2021-03-25,898.829833984375,927.0614339788925,895.9186520687285,927.0614339788925,22001648
2021-03-26,900.274169921875,908.8722746334809,890.818529006779,908.1049928320286,20180202
2021-03-30,915.9132080078125,924.7595715908199,898.8749446091667,906.2995626603248,20441701
2021-03-31,904.0880126953125,925.210945158364,902.2374989986004,910.8130997767836,16250796
2021-04-01,912.5507202148438,916.2291839450849,904.1105608753422,910.813084242052,11723312
2021-04-05,899.3489379882812,913.9724790288182,885.582933146535,913.9499154284324,14875099
2021-04-06,895.602783203125,904.9230424620014,888.6971873373794,904.4942743627021,14009194
2021-04-07,903.97509765625,923.8568508845015,899.6647938214671,902.6887934928391,24266353
2021-04-08,905.1036376953125,912.6185111810149,899.5295324880082,907.6537426263076,15369188
2021-04-09,894.5872192382812,905.5548598128081,893.661932570132,901.9892738152234,14037885
2021-04-12,862.5869140625,885.2669734194948,857.6672732350632,884.1837415365642,20901482
2021-04-13,871.9071655273438,875.8790157297038,865.6109063786529,868.3866470158723,19411189
2021-04-15,877.5490112304688,885.0864478844724,863.4219285584875,869.4248015602077,19723716
2021-04-16,872.04248046875,880.0764346591261,869.4923760258712,874.07356246059,15656948
2021-04-19,858.3215942382812,864.9563664944045,853.0408766277532,859.3596988204337,18478808
2021-04-20,858.0735473632812,866.1300068005348,853.2441605444959,862.2935975446998,17203668
2021-04-22,860.4429321289062,864.076268326873,847.0380060050811,854.0564191309984,14490954
2021-04-23,859.5178833007812,866.0849064432063,855.4557782072471,860.2626015730614,11828857
2021-04-26,874.6378173828125,885.5378273951245,862.7448895453444,866.5813583165724,20846778
2021-04-27,897.566162109375,901.4251348981196,874.8184105130574,875.6082559520604,19992524
2021-04-28,901.47021484375,906.2996013229371,893.7297060704715,901.7184741400474,17122437
2021-04-29,913.5437622070312,922.7737675845348,905.9837618121402,913.0246799848917,17412606
2021-04-30,900.2064819335938,918.9372550182458,897.0696639164535,906.5253048610995,19828769
2021-05-03,884.206298828125,893.2106078294329,877.0073762854873,887.3431167617707,23640186
2021-05-04,865.0467529296875,888.1556413637521,862.5192714204591,880.1216860397934,21849830
2021-05-05,866.62646484375,874.9311830141904,861.1877417678091,868.0933376376232,12393609
2021-05-06,871.5460815429688,873.351467984722,860.5332540943049,867.4162861727356,14624666
2021-05-07,871.8846435546875,882.6717759114722,869.2894115930914,874.5926935213764,12288548
2021-05-10,869.379638671875,878.677334300937,867.010102487007,875.1568754240988,13941237
2021-05-11,872.5165405273438,874.9537675806936,862.0678622246373,864.324640162575,13478264
2021-05-12,863.4895629882812,872.4036175039552,860.7138223730607,871.1398768410697,13177961
2021-05-14,874.3895874023438,876.5108642766377,860.2625054108522,870.2146050700743,13291616
2021-05-17,884.7930297851562,886.1921519936135,871.2752254332202,874.3895393110239,11873078
2021-05-18,897.250244140625,903.8624540940559,890.276956857108,894.1134258737994,12064918
2021-05-19,901.357421875,910.1135316770341,890.0512670062741,893.661980396703,16317002
2021-05-20,896.0993041992188,907.6085916449601,894.1134087677735,901.7411000663334,11422532
2021-05-21,903.8397827148438,907.0217278069957,896.3700373777015,899.0780871843959,10785605
2021-05-24,896.2119750976562,907.1119838096187,894.5645936578591,906.2995151967815,8551760
2021-05-25,886.0568237304688,901.3348284850034,884.6350781454706,901.0640055897504,14780102
2021-05-26,889.1710815429688,893.436318314461,887.0272410491106,891.4052361303035,7480204
2021-05-27,891.9017333984375,899.5294239766795,885.6506014850115,889.283937975624,26819294
2021-05-28,945.4762573242188,950.0799477100439,898.1753741090896,898.1753741090896,56469931
2021-05-31,975.0393676757812,989.2115769657272,941.0757172389948,948.7259715836556,59124142
2021-06-01,978.9210205078125,993.8605124616367,968.8108556050526,977.6120928456976,28013832
2021-06-02,993.5219116210938,997.2455024822107,973.5499025688986,973.5499025688986,24630162
2021-06-03,997.3131713867188,1015.5249208069228,991.1974809457165,1002.4358843892015,23974257
2021-06-04,988.669921875,1000.3822800699458,985.8489944972179,999.637561927722,14468646
2021-06-07,1005.3245239257812,1011.9141694726093,986.1875471509084,993.8604245557929,16336573
2021-06-08,999.5474243164062,1005.2117836404444,992.1228056254331,1004.9635840254113,9674735
2021-06-09,981.6741943359375,1002.4359908160228,973.9787526775382,1001.5333273703063,11409161
2021-06-10,985.2849731445312,1006.4981611610059,982.8251227181646,989.9789185964415,14155653
2021-06-11,1002.3753051757812,1009.1011952964063,987.4063735342977,988.6745798453265,13762778
2021-06-14,1016.7554321289062,1022.8018743951756,994.1774433422952,1003.2132032493698,20332436
2021-06-15,1019.0652465820312,1030.3428892787051,1014.6719292575741,1024.04738247787,15174215
2021-06-16,1001.6732177734375,1017.7291568032897,999.0689384128791,1016.7554197633551,10797349
2021-06-17,1003.5075073242188,1012.2714997953356,987.315715260484,996.4193416411849,15745975
2021-06-18,1008.0366821289062,1012.2715036865906,989.3311797612216,1007.9687553467284,29369026
2021-06-21,1013.2905883789062,1017.9329709190221,996.4873942658087,998.0046654296643,12186448
2021-06-22,1008.08203125,1024.0474616919707,1005.1833424900376,1020.8769459855561,12871913
2021-06-23,998.842529296875,1019.3370107371757,997.1893446925246,1019.0653035968686,16653951
2021-06-24,975.3587036132812,1003.0319792586279,969.2443347205035,999.5218896905816,91461975
2021-06-25,953.1431274414062,975.3587813357442,942.5675134722279,975.3587813357442,55355022
2021-06-28,944.7867431640625,963.129909816626,942.5221576464701,961.0918068108575,20277042
2021-06-29,945.6019897460938,955.2038659394034,943.9262228096128,946.3719464304492,27144063
2021-06-30,955.9512329101562,961.3862145219897,947.0740283906408,949.4291830957576,19762858
2021-07-01,950.1990966796875,961.6125927669174,948.862963734081,959.2800805772861,12534407
2021-07-02,964.2848510742188,966.0286046961062,947.9345027993265,949.7688254664646,14086620
2021-07-05,973.8640747070312,975.3813457995719,965.3944913619939,967.6364346091955,11702287
2021-07-06,962.3599243164062,973.2752309763289,960.2765368506975,971.486252797126,10070124
2021-07-07,955.679443359375,963.6961219133111,950.2218196134942,963.6961219133111,10454892
2021-07-08,947.7760620117188,958.8046409163389,942.522218479792,958.8046409163389,11185460
2021-07-09,938.0836181640625,947.3684433649398,935.7737479702222,945.692616426164,9037675
2021-07-12,943.9262084960938,951.8069732106677,939.5781755914345,941.9559723923293,8585292
2021-07-13,950.9917602539062,952.5090313833667,945.7152147930674,951.1276138236502,6717133
2021-07-14,944.7867431640625,954.2300635744198,942.6353689523012,951.2860904215172,8532544
2021-07-15,943.1336059570312,948.8629964583248,941.3898523696109,948.8629964583248,9448356
2021-07-16,956.7437744140625,957.8081403899708,945.5114158643191,945.5793426478567,8828185
2021-07-19,950.6521606445312,961.9977318474611,947.6176180848694,951.1277080859279,8354449
2021-07-20,948.3194580078125,954.7509382666392,943.8809159970199,950.9010950356152,6741464
2021-07-22,960.5029907226562,961.9523350417173,950.289713605715,959.7330340406753,7972397
2021-07-23,953.709228515625,966.7306251488294,952.0560439551456,966.7306251488294,9937030
2021-07-26,940.642578125,960.6388700312618,938.0382987131833,954.750983452507,12389668
2021-07-27,930.746337890625,943.7450933231961,924.8584510240973,940.6199818363403,10824523
2021-07-28,922.7523193359375,932.1050710097164,913.1957274047861,932.1050710097164,12897848
2021-07-29,929.95361328125,939.5328466147575,925.4923692829198,930.2933070796137,13765738
2021-07-30,921.8239135742188,936.6116474595756,919.9216040760916,932.1051183084293,11350608
2021-08-02,938.6724243164062,941.7975357253354,924.4734496016514,930.4293230086479,10925104
2021-08-03,945.579345703125,947.0513322851771,934.9131634487219,946.5984271599676,11817299
2021-08-04,952.8261108398438,957.468493410625,945.239695070289,948.5912889902256,13169800
2021-08-05,966.6400756835938,975.9474827845528,953.0525024475675,957.604315821072,21252078
2021-08-06,946.168212890625,972.3921457790564,941.5031281309346,964.6925186543999,16620987
2021-08-09,940.7784423828125,946.5078930939915,935.9548618556917,942.522196064497,7494143
2021-08-10,945.7152709960938,957.0156171230963,939.2385654839516,942.9751378756041,11919198
2021-08-11,958.9630737304688,960.1859355324891,943.6091647712293,949.7461759426325,9184963
2021-08-12,955.8832397460938,962.994047792915,953.3921717385531,962.4052292074406,8137612
2021-08-13,971.8032836914062,973.7282353115995,955.181228214771,958.9630848706249,12780901
2021-08-16,984.4170532226562,997.7781437654177,963.8772277608733,973.4791039346753,21935444
2021-08-17,980.2276611328125,989.7162669243918,972.7998007947025,982.3111087496648,12658169
2021-08-18,984.0321655273438,990.4409443539315,974.9511803260805,984.6436264377176,10075860
2021-08-20,972.98095703125,983.7377088016336,967.8856094241049,970.6031001945055,9426282
2021-08-23,979.3671264648438,984.6436123486905,965.756910089194,984.6436123486905,9854395
2021-08-24,989.036865234375,992.7960796490014,976.3098177521405,980.5899239821464,11864472
2021-08-25,997.5969848632812,1005.4778098902966,987.4063495975512,989.8068486851395,13380559
2021-08-26,1010.2107543945312,1016.7554463089577,998.6839861429403,1000.0427614622415,18589616
2021-08-27,1008.829345703125,1015.7817181947378,1003.6887734868195,1013.1773788430729,10480636
2021-08-30,1028.23681640625,1030.7732288164937,1013.0867479284576,1019.0652631807153,14027062
2021-08-31,1022.756591796875,1034.3512267943545,1015.5551545716548,1031.2487577395646,26485463
2021-09-01,1026.8101806640625,1038.495504793424,1024.9532755584123,1029.482446811587,11145486
2021-09-02,1039.1748046875,1045.2438888621152,1021.32982832915,1021.32982832915,9956770
2021-09-03,1081.79443359375,1084.7384068201698,1042.8435137983438,1046.2403322593964,30664428
2021-09-06,1098.59765625,1123.2363883848902,1092.4378833660398,1092.890848363497,33641710
2021-09-07,1105.52734375,1113.272195169168,1092.4379602260194,1100.5904921516135,17349882
2021-09-08,1101.2020263671875,1111.4606486919852,1090.0149514607642,1110.554838373318,14301651
2021-09-09,1098.59765625,1104.1458485171872,1094.2949080752658,1099.6393200037396,8963249
2021-09-13,1074.1175537109375,1101.949327153265,1072.5323557228828,1101.949327153265,16311160
2021-09-14,1072.71337890625,1084.2853708994928,1071.6036685532943,1075.6799942004575,8908356
2021-09-15,1077.1746826171875,1085.0780298856923,1072.7360805602518,1072.7360805602518,9071075
2021-09-16,1099.7752685546875,1103.6476943262978,1072.0567074838173,1078.6466838742622,13448882
2021-09-17,1082.7227783203125,1112.2983612101125,1075.9516645338,1107.8371172912175,34882133
2021-09-20,1084.4439697265625,1095.3139316833478,1073.415392150155,1074.3664868663025,11779819
2021-09-21,1089.1317138671875,1094.521410709491,1079.756260196694,1089.2675674362638,9915736
2021-09-22,1100.8170166015625,1106.025455452025,1086.210362198153,1090.6263219107966,10995912
2021-09-23,1127.7203369140625,1130.9360171926044,1107.6107744419755,1108.4713001643795,15748397
2021-09-24,1124.4591064453125,1134.7630111170504,1119.6129443950488,1133.902485506276,15192163
2021-09-27,1143.3685302734375,1145.8370159244848,1121.1077134942575,1126.4068411721403,15373834
2021-09-28,1154.0574951171875,1161.689135216267,1138.092065214608,1147.6939414575027,18035258
2021-09-29,1144.9085693359375,1163.9989904714507,1141.3757775989957,1163.9989904714507,9719875
2021-09-30,1141.0133056640625,1147.965677369511,1132.4532137255203,1143.6176447212324,13590654
2021-10-01,1143.0289306640625,1150.320936930379,1130.0302358504632,1133.1779894261922,8958928
2021-10-04,1157.726318359375,1166.195843232417,1149.0755355668612,1156.29961607055,10918552
2021-10-05,1181.75341796875,1183.0216242133338,1153.7403880823629,1157.2505376163047,13533634
2021-10-06,1159.40185546875,1186.6221652780882,1155.438860897584,1186.6221652780882,10258881
2021-10-07,1165.0860595703125,1177.0204479976474,1162.9573276219362,1175.3219190109808,6336665
2021-10-08,1209.85693359375,1215.8128063604343,1169.2074879845059,1170.9058970806193,15772493
2021-10-11,1201.4326171875,1231.9366542030143,1198.1263679197398,1223.5124154081877,14768666
2021-10-12,1208.29443359375,1215.1788796176056,1196.2694750157295,1197.9680041586355,6682011
2021-10-13,1220.5911865234375,1231.7103344750674,1208.9737889938256,1213.3671067441883,9959762
2021-10-14,1223.0595703125,1230.7818997818822,1217.0810544912147,1223.0369280495506,8623469
2021-10-18,1226.3204345703125,1243.2594798164876,1205.8031936198447,1208.6565974394791,13594479
2021-10-19,1237.3037109375,1246.1356302424738,1226.5016753447112,1233.6577079515857,8833409
2021-10-20,1223.0595703125,1242.2406818392346,1219.0286485058555,1242.2406818392346,12710570
2021-10-21,1187.7772216796875,1235.5600608138357,1179.0358711096487,1235.2883536749923,20831669
2021-10-22,1189.99658203125,1206.9810344630644,1182.7951444896785,1186.6449281501523,11027475
2021-10-25,1178.4017333984375,1213.819979870448,1163.9989792562783,1213.819979870448,17198417
2021-10-26,1205.2373046875,1208.792739180254,1179.013369646043,1185.3316395816128,9750178
2021-10-27,1189.99658203125,1212.3707315877277,1186.6222858874532,1201.138372284091,9896298
2021-10-28,1176.952392578125,1194.77472717133,1173.283867099268,1186.644837678606,9886181
2021-10-29,1148.7132568359375,1175.843002928945,1133.0649360229452,1175.843002928945,14233025
2021-11-01,1149.4151611328125,1157.6582624374937,1129.6225892164332,1148.7131311991511,15481114
2021-11-02,1132.656982421875,1154.0347494893902,1130.1433322293192,1152.6759743257276,10569130
2021-11-03,1124.8670654296875,1141.353269066621,1114.6310849978502,1135.034999269857,11989430
2021-11-04,1131.77392578125,1134.514118637374,1127.7656464746356,1129.1016597099565,1705656
2021-11-08,1133.1778564453125,1141.3530297583548,1112.5474040608012,1141.0812028496898,20337183
2021-11-09,1142.123291015625,1145.384256386935,1126.4296855155928,1134.5595764791433,15682497
2021-11-10,1154.8953857421875,1158.56403111527,1133.9479393972968,1139.8585280650227,10253470
2021-11-11,1157.0015869140625,1164.2255472479787,1148.3960890914113,1150.4342522284085,10722478
2021-11-12,1174.46142578125,1177.0204805624614,1158.1110771767962,1160.783343266853,8712341
2021-11-15,1167.5318603515625,1178.583081524526,1163.9990683781703,1177.586582367733,4803269
2021-11-16,1140.402099609375,1166.2636363626991,1130.0302662731583,1164.9275032865714,11337581
2021-11-17,1115.98974609375,1131.819202659116,1114.6309708056715,1131.819202659116,10202029
2021-11-18,1120.201904296875,1127.3127730233773,1109.6715745881545,1114.1781038166205,8505625
2021-11-22,1070.5848388671875,1109.1961291306902,1064.8101030658254,1103.353466536403,24124307
2021-11-23,1080.5941162109375,1087.5691305828452,1045.7874503355001,1056.6800550508478,25326999
2021-11-24,1064.9910888671875,1091.4867243500764,1061.4356552775093,1077.9444973476766,16820296
2021-11-25,1129.101806640625,1133.2007753274067,1067.595592477073,1074.7743883449095,42401936
2021-11-26,1092.709716796875,1122.1493269988055,1087.6822964764374,1117.7107252384765,15763138
2021-11-29,1105.799072265625,1132.2948314861248,1086.5953193762673,1104.7121238946838,24325354
2021-11-30,1089.4488525390625,1121.3795969947287,1081.9530649636156,1117.8015201912658,32172299
2021-12-01,1117.3486328125,1120.519028933976,1098.3713010103995,1101.9493776790864,10104610
2021-12-02,1124.5272216796875,1130.5736640269113,1114.9027029403865,1118.571348380323,12720411
2021-12-03,1090.7393798828125,1131.6152444047298,1087.002808328186,1131.5699598889346,19222481
2021-12-06,1070.0638427734375,1098.3259382907745,1067.595476803198,1094.2497321105475,10332254
2021-12-07,1078.7825927734375,1088.8146726752468,1068.8863664494722,1076.2010153934032,11235122
2021-12-08,1095.2008056640625,1101.405743762558,1089.8563933091182,1097.9183562650253,8744178
2021-12-09,1112.5701904296875,1120.9265028973477,1098.3259314492311,1102.8551026436394,13213547
2021-12-10,1113.7025146484375,1116.8955527047663,1100.7489847314073,1105.2328712872275,8364414
2021-12-13,1091.3736572265625,1120.5642045309762,1088.8146024741634,1120.2924973928066,12901733
2021-12-14,1078.0125732421875,1089.7205393231307,1074.9553887174345,1077.944646457222,12991523
2021-12-15,1074.86474609375,1089.2674997267343,1069.3843607457343,1079.7561930783932,9366969
2021-12-16,1088.7694091796875,1094.0232528934675,1072.8040976676455,1089.5846504628314,9761279
2021-12-17,1060.0318603515625,1090.6264710688479,1050.7696168986836,1086.1199416955528,21049821
2021-12-20,1031.45263671875,1049.7957435304404,1017.7517924627566,1049.7957435304404,14325846
2021-12-21,1046.806396484375,1062.5452825090044,1038.1783778851348,1046.851681002988,12836561
2021-12-22,1071.6490478515625,1074.276029474332,1051.6754577350616,1052.988828746117,17658543
2021-12-23,1071.26416015625,1077.944705915956,1068.0031950967277,1075.2271551661324,9072401
2021-12-24,1074.6837158203125,1083.3796623765666,1058.718285237532,1073.4155095265614,7886494
2021-12-27,1073.528564453125,1077.038713611814,1063.4964862774043,1069.5882123719496,4017223
2021-12-28,1086.2781982421875,1089.1995288788441,1074.7967758285763,1075.9516508475376,6374613
2021-12-29,1088.1353759765625,1095.6085205634522,1078.8957755234705,1082.926817028114,15425312
2021-12-30,1068.478759765625,1089.245070757408,1062.3643899373753,1087.003127167027,29333171
2021-12-31,1072.57763671875,1079.7110276415224,1068.8863489128844,1074.7742955921874,9477290
2022-01-03,1088.7467041015625,1090.603728995159,1070.4941656370397,1071.1509110384136,5421611
2022-01-04,1113.3175048828125,1114.6309956772857,1088.81462402871,1094.2044407783767,10847728
2022-01-05,1118.5260009765625,1121.8776545605729,1101.9265882823174,1115.0838981501056,11643813
2022-01-06,1094.47607421875,1111.4605249543165,1091.0791361515087,1110.1923187691705,14447422
2022-01-07,1103.30810546875,1113.2949007403674,1092.2342419850618,1101.020877531252,13112115
2022-01-10,1104.2137451171875,1112.8192412314568,1094.2722359075522,1110.5546559066986,9246731
2022-01-11,1112.1627197265625,1120.9492358826358,1102.8551919025351,1103.3081569787676,16205164
2022-01-12,1141.851318359375,1143.595131948247,1116.4426269818646,1119.2960312179016,14800442
2022-01-13,1148.2828369140625,1150.8645340891296,1136.0993826537385,1141.9194026287705,11856712
2022-01-14,1149.95849609375,1162.776052313962,1144.0026230998735,1148.146875628832,19930176
2022-01-17,1155.959716796875,1161.7344520199854,1149.0527486713804,1149.5057137125311,8036453
2022-01-18,1142.1683349609375,1160.5340832716051,1139.4281422634044,1157.0919805047831,6215029
2022-01-19,1142.077880859375,1151.3173615953267,1136.3710722869748,1145.882379974198,9755485
2022-01-20,1122.0814208984375,1136.801286170844,1111.9133687702085,1132.3173998078944,16494486
2022-01-21,1122.2625732421875,1133.3137934671236,1110.5547274570392,1110.5547274570392,13338594
2022-01-24,1076.99365234375,1134.4463001586594,1066.6671028591084,1120.9718770080574,21868937
2022-01-25,1074.887451171875,1081.8623458947789,1043.9757327083191,1064.1532222498897,24510205
2022-01-27,1058.9674072265625,1067.119939925388,1046.7160258148951,1058.0163123551283,20020431
2022-01-28,1057.9482421875,1076.087568078922,1054.5740661673967,1071.1508364816766,14667727
2022-01-31,1080.933837890625,1089.9016105598887,1067.1650674426833,1068.9768076649402,12143683
2022-02-01,1077.3558349609375,1096.333045361315,1063.0436492942567,1090.6263567842825,13200509
2022-02-02,1079.552490234375,1090.1733881906252,1075.725349000261,1090.1733881906252,10017691
2022-02-03,1065.6025390625,1087.6596951339798,1063.0888887078768,1083.3795890325775,9572839
2022-02-04,1055.8875732421875,1063.6551874088461,1051.2678326966015,1060.2808911532845,11061241
2022-02-07,1049.4561767578125,1067.4370085401163,1043.9757907846413,1060.7338205814565,10714467
2022-02-08,1067.09716796875,1068.8862659765236,1046.240291320876,1055.5931024543218,12060849
2022-02-09,1079.52978515625,1081.2055520274612,1067.9804353407576,1073.936188431649,11486225
2022-02-10,1078.420166015625,1085.055306543387,1071.19608713209,1085.055306543387,12464491
2022-02-11,1076.314208984375,1079.982854527415,1061.6849113374171,1074.887506839841,15943370
2022-02-14,1059.1712646484375,1066.599124811997,1047.5991516117767,1059.9412213800138,10719633
2022-02-15,1095.1329345703125,1097.8278430466569,1057.880422222606,1064.9006018983252,11212671
2022-02-16,1092.8682861328125,1101.9492706042658,1085.16871921443,1100.5904953127101,10392840
2022-02-17,1106.704833984375,1111.8681080705421,1091.5321231787168,1096.1065786813085,12853252
2022-02-18,1098.05419921875,1112.5475227496659,1096.1292475949579,1107.112541400613,6775458
2022-02-21,1086.9576416015625,1103.987376793005,1080.028031731223,1092.4379072087868,11107193
2022-02-22,1082.0208740234375,1085.146105195485,1063.066305633856,1065.6705251768456,13494914
2022-02-23,1075.2496337890625,1089.9694984432015,1072.5095609936732,1087.501132761311,7310110
2022-02-24,1021.6696166992188,1059.782776236231,1016.0761389464657,1043.9758405196053,24846650
2022-02-25,1034.4420166015625,1045.3119804850721,1030.954508957098,1032.698202879161,14570089
2022-02-28,1068.6824951171875,1072.2152872381166,1015.894992677199,1015.894992677199,21297446
2022-03-02,1086.346435546875,1087.4561461649769,1054.936581459969,1057.3143787554548,21471786
2022-03-03,1077.1746826171875,1093.7288113845136,1073.4381104672327,1087.002981514595,10186748
2022-03-04,1053.283203125,1070.8337101992126,1050.9280486616494,1065.7157207883167,10805667
2022-03-07,1014.3323974609375,1047.1915918601796,1006.3836454479082,1032.0640445664155,17983310
2022-03-08,1012.498046875,1017.253760796074,987.3611211647836,1001.6280233273343,21289374
2022-03-09,1066.2139892578125,1072.05665089973,1011.8864606126765,1012.7244638561707,20414228
2022-03-10,1083.492919921875,1089.2676554769666,1068.8863838594104,1087.0030697416826,17980493
2022-03-11,1086.617919921875,1091.9850941858494,1076.1555181267943,1076.1555181267943,12257423
2022-03-14,1095.5404052734375,1098.0541754406872,1075.2270625884603,1081.0697243173254,8340678
2022-03-15,1070.44873046875,1099.6619166858584,1060.2127522331937,1099.6619166858584,15925769
2022-03-16,1088.5201416015625,1090.5809465892828,1076.6310387189703,1078.8503395210585,11149828
2022-03-17,1124.0064697265625,1131.1172183134404,1093.8420644373464,1101.8361008572806,21422098
2022-03-21,1117.52978515625,1125.0482148088292,1104.6669425964524,1106.9315283978274,11999466
2022-03-22,1146.4031982421875,1148.124249688356,1111.2794206216663,1114.2232739689239,22557065
2022-03-23,1150.04931640625,1161.6667155417936,1142.7121440999754,1142.7121440999754,15462187
2022-03-24,1167.9166259765625,1170.407753742212,1136.823891628139,1136.823891628139,13168266
2022-03-25,1175.7069091796875,1184.8331776508987,1167.169339474114,1169.6604672992412,14222488
2022-03-28,1187.5281982421875,1191.0608703717303,1171.472198621402,1182.1157391354113,9891424
2022-03-29,1187.7999267578125,1194.7974641560254,1180.9382429362058,1194.7974641560254,8684065
2022-03-30,1210.6270751953125,1217.4434746814534,1185.331593767139,1195.6581430818142,15811550
2022-03-31,1193.325439453125,1209.1550162306944,1190.5400818204482,1207.0036419353132,13223718
2022-04-01,1202.882080078125,1207.094259791017,1187.55087204633,1193.8916640782966,7922880
2022-04-04,1206.4375,1211.555489970758,1196.45070474843,1202.7009276541294,7929162
2022-04-05,1189.3851318359375,1209.2456310104756,1186.9620503043643,1200.7307025551163,13149870
2022-04-06,1186.2147216796875,1193.2122590361132,1171.744039651222,1171.744039651222,12257215
2022-04-07,1165.2899169921875,1180.3041331292436,1162.6402930619627,1175.3672812713683,15496499
2022-04-08,1184.6746826171875,1188.909504082465,1159.4697737682463,1159.4697737682463,15152495
2022-04-11,1182.206298828125,1195.0464967892808,1169.886872844364,1177.5864392090166,9254209
2022-04-12,1159.945556640625,1178.7642727503164,1157.3865016457235,1171.6986884850992,13217742
2022-04-13,1155.6881103515625,1174.2351195875087,1152.9026326764838,1166.0373022107094,10354235
2022-04-18,1152.1551513671875,1159.3792305452218,1142.1683569783831,1147.2410619855225,9974224
2022-04-19,1196.0657958984375,1208.3852247416107,1155.4164607497175,1158.5642148058512,26141820
2022-04-20,1231.2347412109375,1238.277682969599,1199.8248909839451,1203.448252046231,25072240
2022-04-21,1260.06298828125,1263.1880996959114,1237.3717275306717,1245.9319403276972,21708633
2022-04-22,1249.510009765625,1269.0760391912017,1242.8973909745034,1249.5552942902013,15054154
2022-04-25,1220.6138916015625,1249.3288344946673,1206.41491600151,1242.0822318802027,17063215
2022-04-26,1257.1414794921875,1265.9054714118893,1226.3657374070801,1227.4074011312523,12227666
2022-04-27,1258.36474609375,1280.8521096682853,1247.8116534018566,1248.1740494489563,19338945
2022-04-28,1277.1605224609375,1291.2689267231667,1261.874481071713,1272.676636154816,25614076
2022-04-29,1263.7542724609375,1293.6015662528664,1257.8889681093667,1293.6015662528664,18214862
2022-05-02,1259.3155517578125,1270.6611211332292,1249.1701419744186,1250.9592399328203,9467006
2022-05-04,1220.0023193359375,1263.6410258882418,1212.1442565160846,1261.3764403153348,19247660
2022-05-05,1196.11083984375,1236.4658174286478,1192.079918457506,1233.5218443509423,17210669
2022-05-06,1186.9393310546875,1204.3087009820067,1174.6651887519583,1183.112189870724,19649948
2022-05-09,1140.5831298828125,1176.2730823033007,1135.465140485421,1166.2408838499182,18083752
2022-05-10,1120.813232421875,1144.3423749690376,1113.2721615832613,1130.0301899582084,19511677
2022-05-11,1109.3319091796875,1125.478478168712,1096.9445548183617,1119.9075231154202,16643899
2022-05-12,1086.7313232421875,1102.787203178042,1073.4155164726255,1099.458311385817,20490321
2022-05-13,1099.050537109375,1122.3304948076038,1093.9551898739935,1098.7788299822744,19308778
2022-05-16,1099.3223876953125,1123.6892942266647,1094.54403200538,1102.6059947530612,13437911
2022-05-17,1145.497314453125,1150.366239393939,1101.496331090796,1102.9003909379085,16551828
2022-05-18,1149.6641845703125,1163.9990123371506,1136.0313867118257,1150.2530031709177,17276788
2022-05-19,1123.16845703125,1137.956250241304,1116.918234266966,1125.0481241931686,14699118
2022-05-20,1188.6605224609375,1197.6962234407256,1133.200752456055,1137.9563467189944,21793091
2022-05-23,1180.711669921875,1201.8402528023153,1174.416043471332,1191.8533389891315,15252755
2022-05-24,1184.765380859375,1194.7974606402702,1176.5449216952304,1180.7571013596234,13527818
2022-05-25,1183.0216064453125,1203.2670225299603,1178.2658929997126,1193.4387237828619,12714544
2022-05-26,1171.7440185546875,1193.3934954511844,1154.0348942869591,1188.637781781663,17882023
2022-05-27,1166.308837890625,1179.9189929679753,1150.4567396045152,1174.4387272800036,16521973
2022-05-30,1206.935791015625,1211.1025664956994,1174.9597635821942,1184.3803827895526,13853398
2022-05-31,1192.3743896484375,1213.2765527152142,1184.697464521731,1196.3373846577454,70620653
2022-06-01,1192.7593994140625,1202.587698682473,1184.9238588339676,1193.121675611818,9776989
2022-06-02,1233.8843994140625,1237.575687367432,1192.9858825014019,1192.9858825014019,22126569
2022-06-03,1258.8853759765625,1276.0283243723425,1241.9009234208313,1242.8068535360608,23939791
2022-06-06,1253.47314453125,1274.5111629536582,1246.3396331112071,1259.1120268728403,11093152
2022-06-07,1255.8282470703125,1264.1392757142605,1246.452912224144,1254.5373984290559,12358255
2022-06-08,1233.7711181640625,1259.564728048269,1230.260968517713,1255.8281557796806,12479250
2022-06-09,1267.6041259765625,1269.528957983228,1227.4076388685442,1227.4076388685442,17278305
2022-06-10,1229.33251953125,1263.5957731905057,1223.5577842447772,1255.4432409626409,18093057
2022-06-13,1206.0750732421875,1210.558959942895,1184.9691305419672,1200.2325310142617,17620803
2022-06-14,1190.3135986328125,1210.1288135182253,1183.6783373201108,1200.2552293704455,14714312
2022-06-15,1175.910888671875,1194.4805402025763,1170.5211912252462,1185.5354082981676,11195535
2022-06-16,1159.4698486328125,1204.331357067944,1156.752298028243,1188.0036507794862,17111475
2022-06-17,1173.0574951171875,1188.8416691150956,1157.7036439406018,1159.469980153735,24457187
2022-06-20,1151.79296875,1185.331550638825,1141.8513382748356,1179.851164692969,12066797
2022-06-21,1170.38525390625,1174.5973137201734,1145.112415821389,1159.4698864092793,11720049
2022-06-22,1134.8311767578125,1158.6999555030718,1132.7477291666964,1158.6093864513275,10617206
2022-06-23,1116.419921875,1143.6177098347453,1107.3842221697334,1139.1111811125647,19446323
2022-06-24,1132.3175048828125,1137.2768791745684,1117.8014186070498,1123.2365200121847,14240234
2022-06-27,1128.9658203125,1152.6534598644344,1123.9383995696694,1152.6534598644344,15474529
2022-06-28,1144.840576171875,1147.67133814574,1124.187598454475,1124.187598454475,13572847
2022-06-29,1168.5960693359375,1176.2278290145132,1132.7476201425022,1135.5557396776305,19205146
2022-06-30,1175.616455078125,1184.7880089664673,1162.1874370508547,1168.5282289340553,23112959
2022-07-01,1090.9434814453125,1173.9633211779058,1071.1510274067675,1166.218468693317,81997149
2022-07-04,1093.2080078125,1106.025565464495,1071.6490989100685,1077.4691189892487,41857728
2022-07-05,1102.0625,1116.3973279805082,1094.7478514073186,1097.42011751126,17647327
2022-07-06,1092.3701171875,1106.0029160314311,1081.568080443144,1096.1066896148457,23943726
2022-07-07,1081.61328125,1102.0624779330788,1075.6800503518655,1098.7335863010783,23301033
2022-07-08,1083.10791015625,1095.155510044553,1079.0995110804106,1095.155510044553,19010108
2022-07-11,1097.827880859375,1100.0470622923701,1073.4155672927277,1076.3595407614398,13847467
2022-07-12,1096.2650146484375,1104.9837222205626,1088.8145132177926,1088.8145132177926,10778989
2022-07-13,1076.8349609375,1102.4022679488555,1074.7742754785731,1099.3677256155834,14224132
2022-07-14,1085.712158203125,1102.3796184650857,1076.5632467388843,1081.5680252499114,16970315
2022-07-15,1087.818115234375,1093.7966300835249,1079.3485924648505,1093.7966300835249,9603210
2022-07-18,1097.0804443359375,1098.3258884954794,1083.5154537448523,1096.5142680086967,15160908
2022-07-19,1103.806396484375,1108.2902834767385,1087.1389350761635,1087.1389350761635,16439888
2022-07-20,1133.653564453125,1151.5438277746334,1126.0672081991272,1150.4115948025603,23924246
2022-07-21,1126.0897216796875,1132.2947793542016,1117.484344754926,1129.5772288514759,16523230
2022-07-22,1133.698974609375,1139.6774905895736,1130.0303289124045,1132.29491466853,10969995
2022-07-25,1096.2425537109375,1117.5523977830067,1088.3618480432954,1117.5523977830067,23110452
2022-07-26,1096.7408447265625,1106.8862563190191,1092.1437462800975,1096.5597066124965,11303288
2022-07-27,1095.698974609375,1099.2316463703332,1087.90871936657,1096.038608509345,8655086
2022-07-28,1112.8646240234375,1117.7787135139506,1096.5142758027298,1103.3080323769393,12496073
2022-07-29,1136.57470703125,1140.039571763476,1115.9896583759382,1120.8358207488034,15130683
2022-08-01,1166.1956787109375,1172.038340631328,1135.7369249153332,1140.9681259695833,15700044
2022-08-02,1170.63427734375,1181.1193216829413,1160.1718752661886,1165.1313691654111,13917913
2022-08-03,1180.462646484375,1182.1157712823,1162.8442104812696,1177.5865998850716,14250977
2022-08-04,1164.8597412109375,1185.6260530820252,1148.1471136660161,1182.11590292815,14467127
2022-08-05,1147.6939697265625,1167.9846710602349,1144.5009315875282,1166.7165845896059,13942438
2022-08-08,1162.708251953125,1170.1361123075012,1146.3352600049257,1146.3352600049257,10165178
2022-08-10,1169.66064453125,1173.012178752456,1158.133815529184,1167.1242318013608,10724688
2022-08-11,1173.5556640625,1182.0704726435374,1168.618812190309,1178.990645714219,8198226
2022-08-12,1192.53271484375,1196.314571208688,1169.5245850188705,1173.1931102851886,12650587
2022-08-16,1200.8211669921875,1203.5387175050762,1189.9512045412775,1198.511296976361,6607378
2022-08-17,1207.093994140625,1212.415763367793,1202.7459618068526,1207.0260673666885,6595965
2022-08-18,1209.2833251953125,1212.7820913718717,1199.6955520359063,1208.6925853891362,7410035
2022-08-19,1187.72216796875,1209.464997552082,1183.6779742626552,1204.148579928399,9460724
2022-08-22,1184.427734375,1195.651309470641,1175.0672431781986,1189.1535324408326,9471680
2022-08-23,1202.694580078125,1205.6027266806439,1177.4982950302235,1178.7024907985585,9678484
2022-08-24,1199.4908447265625,1213.236390851307,1197.4915843453323,1199.6499778722127,10369622
2022-08-25,1195.9921875,1210.0102083418858,1191.6981161929027,1203.671444195302,7871946
2022-08-26,1189.6077880859375,1204.1485194816453,1184.6095168359632,1196.4237108559755,10742038
2022-08-29,1180.36083984375,1206.4204546360302,1171.4546722003442,1174.6126958822672,19838975
2022-08-30,1198.6729736328125,1201.990130578996,1170.795826558723,1187.790261371782,23139054
2022-09-01,1163.4346923828125,1183.6780172121637,1159.0270403092493,1173.5450568236956,19909939
2022-09-02,1149.84814453125,1170.2277638288456,1147.6670348863252,1163.4345573963137,12999345
2022-09-05,1167.7060546875,1173.0224725362493,1150.0754462865928,1150.0754462865928,11327815
2022-09-06,1179.997314453125,1184.1550886922698,1168.705591439244,1169.1600343727337,10899618
2022-09-07,1173.1361083984375,1179.1114147484413,1167.796974159679,1170.0689487334319,7488501
2022-09-08,1174.79443359375,1180.5198614611618,1168.2512248209334,1176.0894937430355,7057077
2022-09-09,1167.4788818359375,1185.9727033347192,1165.0704903678632,1185.9727033347192,8314850
2022-09-12,1180.542724609375,1186.8816091364133,1168.046804859231,1168.046804859231,7435419
2022-09-13,1190.403076171875,1194.9243089400052,1181.8832020191865,1189.607891122723,8888657
2022-09-14,1176.1348876953125,1185.9725368614704,1169.0463716919833,1170.068717981627,8678219
2022-09-15,1164.4798583984375,1183.041828116281,1161.776157155841,1173.7040529111878,10365600
2022-09-16,1135.62548828125,1160.0720155619993,1131.8994412292752,1155.8688094894658,20217708
2022-09-19,1137.1025390625,1146.3040180403946,1127.5147655140897,1135.6257495827476,7580254
2022-09-20,1137.2841796875,1153.119972213298,1133.5808482063046,1146.1903481529216,8411448
2022-09-21,1140.419677734375,1150.9843653188254,1133.7173348356014,1134.5125199123227,9207309
2022-09-22,1129.673095703125,1137.3523524884633,1123.3116153435435,1129.6276634257686,10308170
2022-09-23,1108.498291015625,1134.1488981287762,1106.9533532004177,1129.1733426023927,9528051
2022-09-26,1080.257568359375,1098.6379294477279,1079.257938059937,1087.845960638479,12479523
2022-09-27,1088.8455810546875,1102.3638454814661,1072.4191704410875,1087.8231145473603,16154822
2022-09-28,1059.855224609375,1080.5529923156532,1057.4242371952328,1072.5328732525227,16997059
2022-09-29,1056.6063232421875,1075.7817488504493,1051.0171916607421,1072.3738473223364,14671827
2022-09-30,1080.4393310546875,1091.458340177691,1050.108360317172,1050.108360317172,18613024
2022-10-03,1076.6905517578125,1098.251530811662,1073.7369732258553,1086.687214378407,11852723
2022-10-04,1096.5474853515625,1098.7285948569065,1086.073664575446,1089.5498341414104,8948850
2022-10-06,1100.5916748046875,1113.269322563035,1098.7968595905177,1103.7271026820092,13352162
2022-10-07,1105.2493896484375,1110.4976589700225,1097.2065545320427,1097.2065545320427,7714340
2022-10-10,1093.185302734375,1098.5471532665001,1085.0970345592755,1092.8217242927421,6329527
2022-10-11,1071.4193115234375,1096.9109001565705,1068.3294365607771,1096.9109001565705,9215177
2022-10-12,1079.3033447265625,1082.2342073300697,1064.6944639855953,1068.7386577474495,7417103
2022-10-13,1082.734130859375,1087.8232672093102,1072.4193209412924,1077.5540097610362,7328492
2022-10-14,1077.2357177734375,1097.9789154976827,1076.508681223135,1097.3654596284905,9106089
2022-10-17,1094.525634765625,1096.9111900194368,1064.9218171343564,1070.1019383497958,16729355
2022-10-18,1113.8375244140625,1119.1766588278992,1099.705801236905,1100.5464186357249,12415820
2022-10-19,1133.21728515625,1148.6440655761994,1109.4977929604431,1115.314085328947,19247142
2022-10-20,1136.2618408203125,1144.6227018334394,1129.173323936751,1129.173323936751,8717053
2022-10-21,1123.084228515625,1143.6229813098248,1120.994103570685,1139.4879233106462,8243452
2022-10-24,1126.8331298828125,1137.1252236758137,1115.6778227953112,1117.8133802746593,3370033
2022-10-25,1109.4298095703125,1135.5348605120162,1107.8167232856267,1135.5348605120162,12233241
2022-10-27,1113.7918701171875,1121.6529753517277,1105.4537260220727,1116.90446154382,12513059
2022-10-28,1147.8717041015625,1151.893061521459,1117.5634478847232,1120.0852998000876,17609592
2022-10-31,1158.5272216796875,1163.6846262416873,1150.62068370947,1154.6194450652783,12419943
2022-11-01,1149.5528564453125,1181.428644108962,1139.6243422706675,1181.428644108962,13963166
2022-11-02,1156.7322998046875,1158.7998289194838,1142.8051438822936,1150.666129478395,8981896
2022-11-03,1161.0491943359375,1163.0485752218901,1147.3719146666933,1149.5530246719463,6693449
2022-11-04,1178.1343994140625,1181.428720196316,1159.2088516372303,1160.4810755593053,12575815
2022-11-07,1184.427734375,1186.1090891689403,1169.6145286927685,1177.3392175630618,11789748
2022-11-09,1183.246337890625,1191.4027533204435,1176.9074538352093,1186.1090519678319,11254205
2022-11-10,1168.9329833984375,1179.8611290593667,1164.616195791804,1176.8848340514855,5966242
2022-11-11,1195.878662109375,1197.787058206641,1175.9760787775724,1181.428793587036,12310132
2022-11-14,1190.0850830078125,1200.5134736804264,1183.7689145270133,1195.4015009715274,9043112
2022-11-15,1184.7459716796875,1193.4248592098502,1176.8848651845096,1191.561895358841,7086433
2022-11-16,1177.9527587890625,1188.6764594316192,1172.954366703904,1185.9727580356148,9716161
2022-11-17,1180.997314453125,1187.3360795772503,1172.3410220887527,1174.5902807120274,6661451
2022-11-18,1180.36083984375,1185.518244075579,1168.2966485184213,1184.4957775689334,5303197
2022-11-21,1159.1180419921875,1175.9760614312995,1155.5737233322704,1175.9760614312995,6390268
2022-11-22,1165.547607421875,1167.1152613187112,1152.5746494360667,1156.4369938334312,6611488
2022-11-23,1161.9124755859375,1171.3866679891707,1159.7313656787815,1170.0688915510787,6413408
2022-11-24,1171.9320068359375,1178.7024981272687,1157.8911489931052,1165.9794167577484,9389439
2022-11-25,1189.4261474609375,1192.7431844497548,1173.295044904841,1176.430472976704,7349922
2022-11-28,1230.299072265625,1236.4333911015242,1136.8980043426527,1185.472920181286,31527484
2022-11-29,1232.4119873046875,1241.2500078770877,1224.1419904117938,1228.6632233258865,11058913
2022-11-30,1241.11376953125,1247.5208029020678,1226.050564487551,1232.5484624207777,26164986
2022-12-01,1237.455810546875,1251.8601266305577,1234.1387734132652,1245.862104269674,9485801
2022-12-02,1236.93310546875,1248.6792715763747,1227.1408877532265,1240.5001400003844,11589592
2022-12-05,1218.8935546875,1234.4793482971581,1216.8715781623773,1232.3209547622266,14828536
2022-12-06,1222.415283203125,1225.5051588426245,1209.146894711336,1211.0099786652759,8594245
2022-12-07,1204.3758544921875,1224.5964643493226,1200.5816581384124,1220.052515180835,8462111
2022-12-08,1203.8077392578125,1210.9645247591304,1199.6500849785011,1208.6925503476532,7757008
2022-12-09,1185.563720703125,1208.6924740397408,1182.2692798901842,1202.330873974504,12655763
2022-12-12,1187.38134765625,1191.8798642806923,1174.6128344148897,1174.8401159938364,9479842
2022-12-13,1192.7886962890625,1196.4237590933476,1184.473147579326,1187.381293975718,8333348
2022-12-14,1188.4718017578125,1199.1273520766265,1186.4269889714612,1198.5366123572992,7268947
2022-12-15,1171.591064453125,1188.244637773301,1168.2513114103942,1182.564761948623,8688551
2022-12-16,1165.7974853515625,1189.9714223850988,1162.412300039899,1168.2513090093973,15837349
2022-12-19,1181.110595703125,1183.246273075343,1166.2972711057284,1172.7951677670053,7729933
2022-12-20,1191.3345947265625,1193.242990634255,1165.9792991040035,1174.1129983269077,7467588
2022-12-21,1174.3857421875,1196.423883640869,1170.5688296926967,1190.9711686756098,8527550
2022-12-22,1171.3411865234375,1183.541675654874,1166.3200787009303,1180.5199485444361,7451122
2022-12-23,1136.9888916015625,1177.112082738486,1132.4676588679463,1164.7524600759673,10257115
2022-12-26,1146.91748046875,1155.073896863254,1132.5358801607608,1142.6916774565434,5990242
2022-12-27,1156.3006591796875,1158.1636228081527,1142.9186909584178,1149.6210331376262,5763271
2022-12-28,1156.1871337890625,1158.6181211536698,1145.7587436629801,1153.2562711921107,7459393
2022-12-29,1155.6644287109375,1158.2089965163484,1147.5761621923448,1148.2577664634932,6930648
2022-12-30,1157.4366455078125,1170.97762738263,1154.6649160603042,1156.4824475075623,7289476
2023-01-02,1170.4779052734375,1171.8865462707408,1157.8911210447166,1158.7090222381169,5316175
2023-01-03,1161.9124755859375,1169.160125804233,1157.7093889350726,1165.5476587645308,7658932
2023-01-04,1144.4183349609375,1163.7301788455284,1142.350805656606,1161.8898109401732,9264891
2023-01-05,1142.37353515625,1152.5293324862785,1137.806869836127,1146.6676067944138,13637099
2023-01-06,1152.75634765625,1157.7774553339088,1144.3046224842542,1148.0988183662998,6349597
2023-01-09,1179.974609375,1182.3375684218504,1155.687212453628,1156.5732620005954,10722753
2023-01-10,1162.52587890625,1184.155127696438,1156.891435377878,1184.155127696438,8047142
2023-01-11,1147.8717041015625,1162.3441677767541,1145.5768933771294,1159.8450319996036,11509553
2023-01-12,1123.084228515625,1150.7569299071174,1120.0852177263125,1147.280880250268,17688773
2023-01-13,1121.266845703125,1123.675117069892,1106.2717897707075,1117.0863548772086,20618583
2023-01-16,1110.5885009765625,1126.7421991055548,1102.8182596793808,1123.584175159578,13623855
2023-01-17,1126.3560791015625,1128.2644751675343,1113.5421334042796,1116.9046027544262,10751000
2023-01-18,1124.4930419921875,1131.9451378363888,1117.9725482719243,1123.947854631307,13448286
2023-01-19,1123.288818359375,1127.4237562572607,1116.2910462380278,1123.674992689111,11940054
2023-01-20,1109.9296875,1124.6293134044963,1107.475983857866,1124.6293134044963,14930286
2023-01-23,1104.3177490234375,1120.6305800710875,1101.9094778576764,1112.8150268033937,10954118
2023-01-24,1097.7972412109375,1110.3839043654414,1084.8014472016187,1108.7253859560433,16488755
2023-01-25,1082.620361328125,1097.2292417944516,1081.4617181061994,1096.2068953996695,12385018
2023-01-27,1062.081787109375,1084.8015319770323,1050.403768536496,1083.4611595770739,25830975
2023-01-30,1072.26025390625,1077.781116815708,1045.564464693845,1059.5144571522903,21772103
2023-01-31,1069.579345703125,1084.9379802131518,1063.7403362487162,1082.3705756526113,22691594
2023-02-01,1063.2406005859375,1081.4391134749721,1047.382090519888,1081.4391134749721,19347800
2023-02-02,1057.35595703125,1066.920892525141,1050.1083077780725,1053.2890475640809,13662663
2023-02-03,1058.28759765625,1067.3754956611733,1041.9293331709027,1067.3754956611733,24699575
2023-02-06,1050.312744140625,1054.652247201578,1047.7454602358487,1051.9258301558875,14837879
2023-02-07,1047.7908935546875,1057.5603943899198,1041.9291690153093,1050.5627428744976,15135435
2023-02-08,1068.7159423828125,1072.3284093286718,1048.290888887822,1051.017186057536,21160332
2023-02-09,1070.578857421875,1077.3039157739506,1060.559478401166,1069.3974980927496,13172763
2023-02-10,1061.763671875,1070.0563840638993,1054.7886158361225,1070.0563840638993,10790445
2023-02-13,1055.7203369140625,1067.8299624778901,1051.2672523692866,1063.3768779331142,10352493
2023-02-14,1080.598388671875,1082.3250555378218,1055.8565481440585,1058.7192622894795,14321920
2023-02-15,1105.0675048828125,1107.4531801088635,1078.2809718116707,1079.6440602664363,33503591
2023-02-16,1104.2042236328125,1119.5401413378127,1101.9322491792432,1113.019527781497,17264487
2023-02-17,1108.8162841796875,1112.1334412904273,1095.3661670147737,1099.6375221146495,11809520
2023-02-20,1097.093017578125,1113.1558521216361,1095.1390690194628,1110.9974583087273,8836937
2023-02-21,1106.044677734375,1111.8154187780797,1096.1614739086865,1101.4552961916092,13311592
2023-02-22,1080.9617919921875,1104.181409716533,1079.2124090771258,1102.34116225432,11024335
2023-02-23,1075.78173828125,1088.1640768500556,1072.9872927091903,1080.5529686414243,9851910
2023-02-24,1083.142822265625,1088.8001014405165,1076.0088741166164,1077.8264053087537,9434053
2023-02-27,1075.9407958984375,1085.8467152410444,1068.6024012348664,1082.3705449963543,11199715
2023-02-28,1055.3565673828125,1075.5544571553608,1051.3124942776465,1070.601498241021,21994038
2023-03-01,1065.0579833984375,1065.7850199744744,1055.6746563210354,1065.1034156724897,11551145
2023-03-02,1056.9471435546875,1068.57973034707,1054.925046511839,1061.9228195758383,9333535
2023-03-03,1083.91552734375,1087.573426851757,1063.9903475271667,1067.44368158329,14643807
2023-03-06,1094.5029296875,1101.7278641326047,1090.5497203643376,1090.5497203643376,10171916
2023-03-08,1098.4334716796875,1099.1832244435238,1083.7337262043,1094.5028585607813,15782657
2023-03-09,1072.032958984375,1098.2288726400263,1070.147279158801,1097.8199821583767,16235128
2023-03-10,1055.4249267578125,1065.103564973256,1051.9487563495386,1063.9676377715205,13334091
2023-03-13,1038.0670166015625,1065.1035499544928,1033.7502288751577,1058.2876262665352,12771592
2023-03-14,1034.1817626953125,1047.359164622662,1031.0464552108242,1036.0220100653578,16027522
2023-03-15,1016.505859375,1044.3375763114452,1012.1209234658597,1037.885231401589,21728555
2023-03-16,1011.4393310546875,1024.207844384365,1000.6701985245505,1019.2095726723305,18363159
2023-03-17,1010.1670532226562,1023.2763079373278,1005.4413153341551,1020.0047033408911,34014213
2023-03-20,1000.238525390625,1008.7584596340857,990.5826039210764,1006.4864851819102,19524589
2023-03-21,1031.341796875,1033.2957451749278,1007.3951430408976,1008.2811925498517,21400360
2023-03-22,1034.4771728515625,1041.2249475152355,1031.47816188993,1038.294084967167,10920094
2023-03-23,1021.390625,1031.4327203269945,1019.2322313496287,1030.569386905087,16249370
2023-03-24,1001.1700439453125,1022.3903437977212,998.7617725722084,1020.2319499604101,12375945
2023-03-27,1016.73291015625,1024.2077208751948,999.7613122149304,1007.6223573447278,14054323
2023-03-28,1021.4815063476562,1025.3438507677042,1016.4831146440141,1020.118297683826,12576424
2023-03-29,1015.4381103515625,1020.0274916428302,1004.71434981678,1017.391938716083,18804065
2023-03-31,1059.2191162109375,1064.8536804760474,1024.5260415402947,1024.6623383806666,28171201
2023-04-03,1059.4007568359375,1067.3754434349298,1051.9259454677697,1065.5579119993613,10293043
2023-04-05,1056.856201171875,1066.9210129823457,1048.995215362799,1066.9210129823457,16262928
2023-04-06,1063.94482421875,1069.647537063385,1053.357419977002,1053.357419977002,18435046
2023-04-10,1056.40185546875,1068.0117263349803,1054.9023498118622,1067.8299972108045,12961408
2023-04-11,1061.6273193359375,1063.7402807994256,1056.0383079017138,1060.559540630498,10542367
2023-04-12,1066.3074951171875,1075.9178623263667,1058.764536534493,1061.6271300614383,18179087
2023-04-13,1070.3289794921875,1075.0092249147228,1064.1946609026813,1069.1929322468407,12378208
2023-04-17,1075.759033203125,1101.8867990924884,1067.3981721567704,1101.8867990924884,17929479
2023-04-18,1063.4449462890625,1080.0985197030036,1056.9243329412964,1080.0985197030036,10405576
2023-04-19,1068.7386474609375,1071.4195123263064,1059.741614492453,1062.8542061722762,12273475
2023-04-20,1066.034912109375,1071.9193532094926,1059.6961482625013,1069.692811176778,7007330
2023-04-21,1067.37548828125,1072.8282030082607,1061.6500596936005,1068.1252410633845,7647317
2023-04-24,1071.465087890625,1081.8706418346944,1066.9210188410907,1079.1897769115358,12936186
2023-04-25,1079.6668701171875,1081.7343994033272,1068.0571198634168,1075.1002048906516,9236126
2023-04-26,1073.328125,1084.2336751201349,1069.6702254865136,1081.0073822687018,8617834
2023-04-27,1080.1212158203125,1083.2792397187284,1074.191342363561,1079.189733985385,9167125
2023-04-28,1099.8646240234375,1101.409681900637,1082.2568535921685,1082.3704342762564,15565210
2023-05-02,1109.20263671875,1111.361030519598,1103.3181951274973,1106.9988106394346,12981805
2023-05-03,1099.6829833984375,1110.9974233118683,1096.4795270846325,1110.9974233118683,7061872
2023-05-04,1112.360595703125,1114.564421653396,1097.1838117593734,1100.1601065895743,8635233
2023-05-05,1109.5205078125,1118.4266754436653,1106.9077915916328,1109.1797657715506,8746585
2023-05-08,1123.2208251953125,1128.5599594768491,1110.6113241430285,1113.2694731180964,9153782
2023-05-09,1126.69677734375,1129.9912183396398,1119.290114376559,1124.6292481933926,6464721
2023-05-10,1134.4443359375,1135.9211253467272,1127.446563252221,1131.4453248412979,10872255
2023-05-11,1127.03759765625,1140.3058651251242,1125.3335267806174,1135.51203899488,10557860
2023-05-12,1128.8779296875,1130.2638545526538,1116.2229969798393,1122.2664514997994,6955341
2023-05-15,1131.1044921875,1138.0567125858797,1123.7886933664054,1131.3999221918086,6833343
2023-05-16,1114.99609375,1135.8073202110538,1113.3374551908087,1133.2627523170945,8717229
2023-05-17,1108.4073486328125,1120.0852459817609,1103.7271032383842,1119.1764803056624,8798967
2023-05-18,1106.0218505859375,1116.4502407386783,1102.8864225456616,1113.0649351771951,10525531
2023-05-19,1109.6114501953125,1111.4291017814717,1099.1149119209986,1106.0218196807168,8050447
2023-05-22,1115.54150390625,1120.5398963368386,1105.2495293990407,1106.4536050806153,7434906
2023-05-23,1115.3367919921875,1121.4483940779485,1113.9281511842048,1118.1086413363598,6092034
2023-05-24,1108.8389892578125,1119.630957590089,1105.749113749558,1111.4063935962217,8112254
2023-05-25,1108.7027587890625,1112.8151011277312,1097.8427615845399,1105.9537453747698,11487863
2023-05-26,1138.94287109375,1140.0787982471202,1113.6102893364032,1116.904610291511,12626260
2023-05-29,1145.3497314453125,1149.6210865747194,1139.2608448772517,1145.5314605509366,10010304
2023-05-30,1145.054443359375,1153.1199946776444,1142.509755067562,1145.349753161613,11342504
2023-05-31,1122.311767578125,1140.4649655887667,1118.267694287889,1135.9891655098565,27107927
2023-06-01,1119.2901611328125,1129.1279320638168,1116.9046059479208,1126.969538270473,14592692
2023-06-02,1115.6322021484375,1128.1962696801756,1113.7238061790024,1122.8117036497752,15800644
2023-06-05,1125.6517333984375,1128.6053121788445,1117.1090229973545,1121.085068396339,10908682
2023-06-06,1126.6058349609375,1130.4000307352399,1118.7221336360576,1128.4689187387335,7493309
2023-06-07,1135.1485595703125,1135.989176828128,1123.5386905370437,1130.0820196952836,10312545
2023-06-08,1135.8302001953125,1143.6458744813403,1131.8997070078415,1138.7156307485393,12071109
2023-06-09,1127.787353515625,1139.874261684162,1125.9924180855612,1139.1699412328312,5877018
2023-06-12,1128.7869873046875,1131.0816777652867,1120.0852643496842,1124.8564945620458,6391969
2023-06-13,1145.46337890625,1146.6448585440896,1129.741286337972,1133.7173319025067,11248016
2023-06-14,1159.549560546875,1160.9809175855808,1143.7138887627082,1145.5314201372407,13277380
2023-06-15,1159.86767578125,1164.4116242878063,1152.1201510303479,1159.5268135380984,11813494
2023-06-16,1171.159423828125,1173.4313981302719,1163.3437504987226,1163.3437504987226,24171579
2023-06-19,1159.5269775390625,1174.1585755296505,1155.369322961202,1174.1585755296505,6798554
2023-06-20,1161.93505859375,1165.070366166299,1151.8929638688387,1157.5956756067337,6921096
2023-06-21,1165.206787109375,1167.7286388194623,1157.8001247424693,1161.889630244124,6961603
2023-06-22,1152.1202392578125,1169.296404389101,1150.52986917785,1161.4354185434336,7619166
2023-06-23,1142.691650390625,1151.1660925456156,1141.4420223330224,1149.1212794125972,6628570
2023-06-26,1133.967041015625,1142.9867893628173,1130.8544495978458,1139.1698775330913,12641159
2023-06-27,1134.376220703125,1140.305974461151,1129.9231362063101,1134.4216529822017,9689466
2023-06-28,1149.3939208984375,1153.1881169201986,1135.0122016455275,1141.896393407388,11354006
2023-06-30,1158.8226318359375,1161.7307784588775,1151.1888070463274,1157.0732487107562,11151555
2023-07-03,1188.5628662109375,1191.425580555085,1161.1400387375704,1162.3669506539804,12154387
2023-07-04,1176.3167724609375,1192.788615416969,1169.2735683249591,1192.788615416969,8061643
2023-07-05,1174.3857421875,1185.5184537103503,1170.4325328520283,1185.5184537103503,10248062
2023-07-06,1199.03662109375,1201.6266214253383,1170.546016490242,1170.546016490242,19117987
2023-07-07,1196.696533203125,1210.9418359205672,1194.1518448825288,1197.332705283274,13375267
2023-07-10,1242.7947998046875,1252.3144236363512,1215.508392547687,1221.8244401255106,33240016
2023-07-11,1256.267578125,1258.6758491021378,1243.9535094175255,1250.905728718348,20069348
2023-07-12,1257.653564453125,1273.2166423107678,1254.8817149747802,1256.9946762890331,18733835
2023-07-13,1246.407470703125,1271.853634660212,1243.7947539621482,1264.9922784824523,14682934
2023-07-14,1245.3621826171875,1254.5409440468316,1238.2735461254954,1249.5879849572364,15124144
2023-07-17,1270.8084716796875,1279.1466167196916,1239.5914489485467,1248.225023984058,22220040
2023-07-18,1281.60009765625,1289.324785415803,1269.1268963755451,1280.0324439694932,25867313
2023-07-19,1291.3243408203125,1297.7540895736324,1270.944719940005,1285.9397747939042,39122156
2023-07-20,1289.760498046875,1295.224991076979,1270.1421687973038,1270.1421687973038,38717624
2023-07-21,1249.834716796875,1287.3235564344566,1242.3763715855305,1284.4190157057792,30249238
2023-07-24,1224.5548095703125,1238.117785416934,1215.6441946530279,1221.4041174807796,23727866
2023-07-25,1223.767333984375,1233.3179681079685,1220.9119513502328,1227.8041962368873,12026020
2023-07-26,1243.6561279296875,1253.896056948107,1223.3732632571832,1223.3732632571832,12911012
2023-07-27,1232.087158203125,1249.2931304965796,1226.0072859774648,1247.5209111436616,17226898
2023-07-28,1244.4686279296875,1251.853175548335,1231.0287272255082,1236.6902137331379,20827852
2023-07-31,1255.00390625,1257.2930680054526,1239.594792375287,1244.4686660676819,8551174
2023-08-01,1237.25634765625,1259.803857697837,1233.3672005487501,1257.8346449464532,9536632
2023-08-02,1224.0379638671875,1236.665491369381,1212.8380673987745,1235.2870185350293,12748214
2023-08-03,1218.8934326171875,1231.201012494138,1210.1058926997707,1218.5981228148664,10168350
2023-08-04,1235.45947265625,1238.6348041373592,1216.776590964359,1230.1672134573323,22885610
2023-08-07,1242.49951171875,1244.7393951840495,1233.2195480808575,1241.0963994857652,5982870
2023-08-08,1235.0162353515625,1247.7176805176769,1230.5363488514104,1244.5423492739476,9844072
2023-08-09,1243.1639404296875,1245.034716513302,1221.453442754676,1233.1456430382627,11486586
2023-08-10,1248.702392578125,1255.3731247892663,1234.9179033647526,1243.0409059369185,15470598
2023-08-11,1253.9700927734375,1259.7301365729732,1236.8380369520157,1246.733259512152,22179330
2023-08-14,1268.788330078125,1271.274485095857,1243.065489745762,1249.9577340453427,9575812
2023-08-16,1267.7545166015625,1271.5207081344915,1255.8654425931288,1255.8654425931288,10203112
2023-08-17,1249.465576171875,1269.2069834305885,1246.9302626576266,1263.7916479940673,13673744
2023-08-18,1258.7208251953125,1268.960755625946,1234.9671961841154,1246.142454602955,18639978
2023-08-21,1244.986328125,1262.5000997685252,1242.8371963360953,1254.8424457661688,9221746
2023-08-22,1244.6898193359375,1253.8543258928648,1234.6114071159911,1243.4547138866417,7713044
2023-08-23,1246.0733642578125,1256.275409297995,1243.4796423923776,1247.0614487779783,9517952
2023-08-24,1225.1258544921875,1254.8177179260883,1220.7782590700385,1254.8177179260883,14140020
2023-08-25,1219.4691162109375,1237.5757146480018,1206.747529523438,1213.3676467766436,22222400
2023-08-28,1207.315673828125,1227.2008731617648,1201.0660879981488,1221.272366528133,12580826
2023-08-29,1195.755126953125,1212.107851949824,1189.7277154191993,1211.4162410930335,16876644
2023-08-30,1194.6187744140625,1206.9451032694478,1193.1119215700844,1201.5106390304122,12168946
2023-08-31,1189.15966796875,1198.0524282609965,1185.651919829385,1197.0643437840804,21638600
2023-09-01,1191.950927734375,1198.3734766692594,1186.5164632510111,1188.9373425267036,18112842
2023-09-04,1190.9874267578125,1197.3852486913688,1188.3196473047951,1191.9507848594153,9347626
2023-09-05,1197.36083984375,1202.4741047382813,1191.852196412095,1195.5822395056102,8675876
2023-09-06,1199.8802490234375,1203.5608392350891,1194.2234900414205,1196.1256007292052,8200370
2023-09-07,1201.5106201171875,1204.5983838407617,1191.1357340059783,1196.421961377583,13652572
2023-09-08,1209.51416015625,1213.3677136631895,1197.039593881822,1205.463038004146,23109288
2023-09-11,1222.556884765625,1223.668479723262,1211.391482722607,1211.391482722607,13271074
2023-09-12,1204.8948974609375,1226.7068128830886,1203.462102676104,1226.7068128830886,16255666
2023-09-13,1210.922119140625,1216.652936105206,1198.6698488550378,1205.462928884613,12803338
2023-09-14,1212.0338134765625,1218.2093412827492,1207.9332388900991,1215.3438722575231,9209636
2023-09-15,1214.28173828125,1219.2962186489121,1210.156437431325,1219.2962186489121,25468592
2023-09-18,1203.709228515625,1210.8975674516837,1201.535490839137,1205.487828880595,7516300
2023-09-20,1176.8826904296875,1199.3370070481767,1163.4694916701224,1197.089090701199,57081884
2023-09-21,1168.31103515625,1180.8103271156433,1165.9396084396587,1173.3255153106452,12226182
2023-09-22,1163.4447021484375,1177.0308632017375,1160.9992172819989,1173.8443150051187,19176786
2023-09-25,1156.2811279296875,1166.2854832156668,1153.638074334712,1161.1968240581607,14254884
2023-09-26,1157.2939453125,1161.0980464311394,1153.8851021083722,1155.342502590839,10087782
2023-09-27,1170.336669921875,1171.769464855697,1155.3178333556975,1157.7880446735417,11722778
2023-09-28,1153.14404296875,1177.3026603074284,1148.6482103293206,1177.3026603074284,14518346
2023-09-29,1158.529052734375,1170.435518964013,1153.1440405649926,1156.9481416896208,12342014
2023-10-03,1145.263916015625,1153.885049186791,1144.2017734963838,1151.0936382938999,8859056
2023-10-04,1143.2877197265625,1145.683872665596,1133.8763122199225,1140.7434506187415,10286386
2023-10-05,1143.26318359375,1150.8219332922222,1140.743519950406,1145.8074528562056,10953682
2023-10-06,1145.18994140625,1148.5494528467332,1142.2504141267464,1144.7206253894863,5431026
2023-10-09,1135.4324951171875,1142.200849187487,1133.826857954507,1140.2988590719287,7576878
2023-10-10,1140.447021484375,1145.1404226117538,1138.1497733893898,1139.5331157395624,10236032
2023-10-11,1158.5537109375,1160.8509589721596,1142.7196339530417,1143.4359710357805,9814118
2023-10-12,1160.7027587890625,1165.6185754357678,1155.1447837404767,1157.9609209243824,12554450
2023-10-13,1160.6534423828125,1164.7045645712087,1150.6984190160554,1156.058825491677,10150316
2023-10-16,1158.059814453125,1163.247258320988,1154.082750031272,1158.5291304894404,5929036
2023-10-17,1163.593017578125,1165.7914814830851,1156.7011522648252,1163.963549268257,7928180
2023-10-18,1148.1541748046875,1169.3979912920374,1146.6720480730119,1163.5929949263082,8918320
2023-10-19,1139.33544921875,1147.0672825471008,1136.7911799610206,1142.2256445327594,12032556
2023-10-20,1135.8525390625,1143.559525479833,1134.4691966955595,1136.2971288231192,8913312
2023-10-23,1118.1163330078125,1139.3848747937852,1114.1887214650121,1131.356688684127,7853962
2023-10-25,1115.5225830078125,1127.0090643806484,1108.1366760976812,1111.6196977984057,11620688
2023-10-26,1099.9849853515625,1115.5473150342816,1096.9219477593886,1112.089019549233,15222534
2023-10-27,1119.40087890625,1123.204979852311,1104.6536704890175,1106.654565590137,11771084
2023-10-30,1142.47265625,1148.6481841216216,1121.4511352518443,1123.4520304054054,16813304
2023-10-31,1130.3192138671875,1150.1303563093797,1127.8490026208185,1150.1303563093797,12808438
2023-11-01,1135.0125732421875,1144.9428703315039,1124.0448598372486,1130.9367248364767,10309190
2023-11-02,1146.2767333984375,1148.302354744411,1140.2247162104195,1143.1889695269997,10562104
2023-11-03,1146.0296630859375,1153.5638066087804,1144.078220526126,1149.7349795725816,8850156
2023-11-06,1155.564697265625,1156.0587394619763,1148.9445800808262,1152.2546386732256,10647304
2023-11-07,1148.0552978515625,1155.614167696399,1145.9556184844287,1153.1192304428853,6960204
2023-11-08,1154.033203125,1156.552866758098,1147.042553778562,1152.1064866637696,7884494
2023-11-09,1141.50927734375,1154.0331752710283,1138.3720609954937,1154.0085696526105,14513610
2023-11-10,1143.6583251953125,1144.3747829309668,1135.3337858785344,1139.039102652828,7734954
2023-11-13,1143.51025390625,1148.4506764659145,1142.0774589944763,1147.6107081381433,3854810
2023-11-15,1164.185791015625,1166.9030232858888,1149.6362714370953,1156.0588204395372,12220648
2023-11-16,1166.285400390625,1172.9302438744137,1159.4923201233041,1161.542667627995,13134910
2023-11-17,1163.7412109375,1172.4857343750468,1162.012063114762,1162.4319266451018,7758634
2023-11-20,1160.6781005859375,1165.1490860409533,1154.2801575494677,1160.2828426994563,4490186
2023-11-21,1175.2769775390625,1179.7728099438689,1166.0384122376151,1168.9038812090425,8214450
2023-11-22,1179.87158203125,1182.9593458443583,1171.9669066696931,1173.3502489811203,8534814
2023-11-23,1183.4781494140625,1185.7013394254852,1179.8716170501546,1179.8716170501546,8531542
2023-11-24,1182.6876220703125,1186.9858858764198,1181.2796741129466,1181.5514214570694,6749486
2023-11-28,1182.9346923828125,1185.5531403805655,1173.4738317237427,1182.6876712625676,13792174
2023-11-29,1186.047119140625,1191.605094048659,1184.7379555197092,1189.6536514263266,12531306
2023-11-30,1174.5606689453125,1186.0471507278282,1170.8306260067593,1183.0828973645985,28439984
2023-12-01,1182.8853759765625,1183.922792325671,1174.6348945757863,1174.8324632282502,14342842
2023-12-04,1195.6810302734375,1210.4035134582498,1185.0097900344595,1210.4035134582498,15590990
2023-12-05,1204.3514404296875,1205.8830195816831,1196.3973123183705,1204.9689932142376,12693624
2023-12-06,1215.887451171875,1221.7417795681863,1202.992899973077,1208.9708595498532,16422442
2023-12-07,1213.886474609375,1215.813191043024,1206.4511149904754,1215.3438750518303,8142096
2023-12-08,1213.244140625,1223.5943006598802,1207.9331869400896,1217.2459307176134,10204894
2023-12-11,1215.022705078125,1219.098553135076,1211.5890153738967,1213.367615499601,7066138
2023-12-12,1197.5830078125,1217.7892853568703,1195.6561708810905,1215.3438006129375,9197124
2023-12-13,1202.4739990234375,1204.6478570918039,1188.8137803209581,1196.570218805253,10031182
2023-12-14,1217.39404296875,1222.7297228698085,1206.7721356331074,1212.3795628682321,16972354
2023-12-15,1232.9317626953125,1235.1055001292314,1220.3089603608373,1224.236571728094,15932152
2023-12-18,1245.4803466796875,1252.3474847954778,1230.634354917611,1232.9317234441762,14165188
2023-12-19,1263.8094482421875,1271.615218807123,1247.5553868731267,1262.2778691174958,16820604
2023-12-20,1248.518798828125,1283.9417239360823,1244.9864450577063,1270.207325538083,17736722
2023-12-21,1266.008056640625,1271.4177954317774,1244.1219597225854,1248.444829631281,13765454
2023-12-22,1267.2430419921875,1275.0735389423144,1258.6466348491601,1264.550535970751,16541784
2023-12-26,1273.66552734375,1280.5326657287192,1266.0819312708138,1268.7003790735205,7465664
2023-12-27,1278.01318359375,1284.4603381656593,1271.2201029702012,1275.6170305456778,9204156
2023-12-28,1287.2518310546875,1290.4383794995902,1278.0132649417642,1279.470665481518,12302636
2023-12-29,1277.074462890625,1291.4264140714613,1274.2831724837226,1289.9937398232034,10864584
